seed,participant,stage,predecessor,baseline_id,semantic_source,preprocessing,ridge_alpha,retrieval,candidate_count,metric,score,change_from_predecessor,change_from_baseline,configuration_hash
17,sub-01,S3,S2,S0-cornet-ridge,cornet-s,eeg-raw_sem-64_white-1_remove-0_center-1,1000.0,cosine,200,top1_accuracy,0.175,-0.03,0.08999999999999998,f17381c90cad26d8
17,sub-01,S3,S2,S0-cornet-ridge,cornet-s,eeg-raw_sem-64_white-1_remove-0_center-1,1000.0,cosine,200,top5_accuracy,0.41,-0.025000000000000022,0.08999999999999997,f17381c90cad26d8
17,sub-01,S3,S2,S0-cornet-ridge,dinov2,eeg-raw_sem-64_white-1_remove-0_center-1,1000.0,cosine,200,top1_accuracy,0.16,-0.010000000000000009,0.075,c259e428a4b807c9
17,sub-01,S3,S2,S0-cornet-ridge,dinov2,eeg-raw_sem-64_white-1_remove-0_center-1,1000.0,cosine,200,top5_accuracy,0.435,0.0,0.11499999999999999,c259e428a4b807c9
17,sub-02,S3,S2,S0-cornet-ridge,cornet-s,eeg-128_sem-100_white-1_remove-0_center-1,100.0,cosine,200,top1_accuracy,0.12,0.0,0.065,5ad6ec0233c1218c
17,sub-02,S3,S2,S0-cornet-ridge,cornet-s,eeg-128_sem-100_white-1_remove-0_center-1,100.0,cosine,200,top5_accuracy,0.375,0.0,0.09999999999999998,5ad6ec0233c1218c
17,sub-02,S3,S2,S0-cornet-ridge,dinov2,eeg-raw_sem-100_white-1_remove-0_center-1,1000.0,cosine,200,top1_accuracy,0.14,-0.014999999999999986,0.08500000000000002,6cee87a0b85e3f18
17,sub-02,S3,S2,S0-cornet-ridge,dinov2,eeg-raw_sem-100_white-1_remove-0_center-1,1000.0,cosine,200,top5_accuracy,0.415,-0.025000000000000022,0.13999999999999996,6cee87a0b85e3f18
17,sub-03,S3,S2,S0-cornet-ridge,cornet-s,eeg-raw_sem-100_white-1_remove-0_center-1,1000.0,cosine,200,top1_accuracy,0.145,0.004999999999999977,0.07999999999999999,f1f0c97b7b3a6ea4
17,sub-03,S3,S2,S0-cornet-ridge,cornet-s,eeg-raw_sem-100_white-1_remove-0_center-1,1000.0,cosine,200,top5_accuracy,0.395,-0.010000000000000009,0.10000000000000003,f1f0c97b7b3a6ea4
17,sub-03,S3,S2,S0-cornet-ridge,dinov2,eeg-raw_sem-64_white-1_remove-0_center-1,1000.0,cosine,200,top1_accuracy,0.175,0.0,0.10999999999999999,c259e428a4b807c9
17,sub-03,S3,S2,S0-cornet-ridge,dinov2,eeg-raw_sem-64_white-1_remove-0_center-1,1000.0,cosine,200,top5_accuracy,0.425,0.0,0.13,c259e428a4b807c9
17,sub-04,S3,S2,S0-cornet-ridge,cornet-s,eeg-raw_sem-64_white-1_remove-0_center-1,1000.0,cosine,200,top1_accuracy,0.175,0.0,0.09499999999999999,f17381c90cad26d8
17,sub-04,S3,S2,S0-cornet-ridge,cornet-s,eeg-raw_sem-64_white-1_remove-0_center-1,1000.0,cosine,200,top5_accuracy,0.405,-0.014999999999999958,0.125,f17381c90cad26d8
17,sub-04,S3,S2,S0-cornet-ridge,dinov2,eeg-raw_sem-100_white-1_remove-0_center-1,1000.0,cosine,200,top1_accuracy,0.19,-0.010000000000000009,0.11,6cee87a0b85e3f18
17,sub-04,S3,S2,S0-cornet-ridge,dinov2,eeg-raw_sem-100_white-1_remove-0_center-1,1000.0,cosine,200,top5_accuracy,0.46,0.0,0.18,6cee87a0b85e3f18
17,sub-05,S3,S2,S0-cornet-ridge,cornet-s,eeg-raw_sem-64_white-1_remove-0_center-1,1000.0,cosine,200,top1_accuracy,0.11,0.0,0.045,f17381c90cad26d8
17,sub-05,S3,S2,S0-cornet-ridge,cornet-s,eeg-raw_sem-64_white-1_remove-0_center-1,1000.0,cosine,200,top5_accuracy,0.34,-0.034999999999999976,0.13000000000000003,f17381c90cad26d8
17,sub-05,S3,S2,S0-cornet-ridge,dinov2,eeg-raw_sem-100_white-1_remove-0_center-1,1000.0,cosine,200,top1_accuracy,0.135,-0.009999999999999981,0.07,6cee87a0b85e3f18
17,sub-05,S3,S2,S0-cornet-ridge,dinov2,eeg-raw_sem-100_white-1_remove-0_center-1,1000.0,cosine,200,top5_accuracy,0.35,0.009999999999999953,0.13999999999999999,6cee87a0b85e3f18
17,sub-06,S3,S2,S0-cornet-ridge,cornet-s,eeg-raw_sem-64_white-1_remove-0_center-1,1000.0,cosine,200,top1_accuracy,0.18,0.0,0.10999999999999999,f17381c90cad26d8
17,sub-06,S3,S2,S0-cornet-ridge,cornet-s,eeg-raw_sem-64_white-1_remove-0_center-1,1000.0,cosine,200,top5_accuracy,0.445,0.020000000000000018,0.18,f17381c90cad26d8
17,sub-06,S3,S2,S0-cornet-ridge,dinov2,eeg-raw_sem-100_white-1_remove-0_center-1,1000.0,cosine,200,top1_accuracy,0.185,0.0,0.11499999999999999,6cee87a0b85e3f18
17,sub-06,S3,S2,S0-cornet-ridge,dinov2,eeg-raw_sem-100_white-1_remove-0_center-1,1000.0,cosine,200,top5_accuracy,0.445,-0.015000000000000013,0.18,6cee87a0b85e3f18
17,sub-07,S3,S2,S0-cornet-ridge,cornet-s,eeg-raw_sem-100_white-1_remove-0_center-1,100.0,cosine,200,top1_accuracy,0.155,0.0,0.039999999999999994,989afa324d4430d8
17,sub-07,S3,S2,S0-cornet-ridge,cornet-s,eeg-raw_sem-100_white-1_remove-0_center-1,100.0,cosine,200,top5_accuracy,0.405,0.0,0.09500000000000003,989afa324d4430d8
17,sub-07,S3,S2,S0-cornet-ridge,dinov2,eeg-raw_sem-100_white-1_remove-0_center-1,100.0,cosine,200,top1_accuracy,0.2,0.0,0.085,6b79453fbf9f0f98
17,sub-07,S3,S2,S0-cornet-ridge,dinov2,eeg-raw_sem-100_white-1_remove-0_center-1,100.0,cosine,200,top5_accuracy,0.445,0.0,0.135,6b79453fbf9f0f98
17,sub-08,S3,S2,S0-cornet-ridge,cornet-s,eeg-raw_sem-64_white-1_remove-0_center-1,1000.0,cosine,200,top1_accuracy,0.155,-0.0050000000000000044,0.06,f17381c90cad26d8
17,sub-08,S3,S2,S0-cornet-ridge,cornet-s,eeg-raw_sem-64_white-1_remove-0_center-1,1000.0,cosine,200,top5_accuracy,0.47,-0.0050000000000000044,0.19499999999999995,f17381c90cad26d8
17,sub-08,S3,S2,S0-cornet-ridge,dinov2,eeg-raw_sem-100_white-1_remove-0_center-1,1000.0,cosine,200,top1_accuracy,0.185,-0.01999999999999999,0.09,6cee87a0b85e3f18
17,sub-08,S3,S2,S0-cornet-ridge,dinov2,eeg-raw_sem-100_white-1_remove-0_center-1,1000.0,cosine,200,top5_accuracy,0.47,-0.015000000000000013,0.19499999999999995,6cee87a0b85e3f18
17,sub-09,S3,S2,S0-cornet-ridge,cornet-s,eeg-raw_sem-100_white-1_remove-0_center-1,1000.0,cosine,200,top1_accuracy,0.18,-0.0050000000000000044,0.07999999999999999,f1f0c97b7b3a6ea4
17,sub-09,S3,S2,S0-cornet-ridge,cornet-s,eeg-raw_sem-100_white-1_remove-0_center-1,1000.0,cosine,200,top5_accuracy,0.42,0.010000000000000009,0.13,f1f0c97b7b3a6ea4
17,sub-09,S3,S2,S0-cornet-ridge,dinov2,eeg-raw_sem-100_white-1_remove-0_center-1,1000.0,cosine,200,top1_accuracy,0.14,-0.01999999999999999,0.04000000000000001,6cee87a0b85e3f18
17,sub-09,S3,S2,S0-cornet-ridge,dinov2,eeg-raw_sem-100_white-1_remove-0_center-1,1000.0,cosine,200,top5_accuracy,0.45,-0.019999999999999962,0.16000000000000003,6cee87a0b85e3f18
17,sub-10,S3,S2,S0-cornet-ridge,cornet-s,eeg-raw_sem-100_white-1_remove-0_center-1,100.0,cosine,200,top1_accuracy,0.19,0.0,0.09,989afa324d4430d8
17,sub-10,S3,S2,S0-cornet-ridge,cornet-s,eeg-raw_sem-100_white-1_remove-0_center-1,100.0,cosine,200,top5_accuracy,0.52,0.0,0.18,989afa324d4430d8
17,sub-10,S3,S2,S0-cornet-ridge,dinov2,eeg-raw_sem-100_white-1_remove-0_center-1,1000.0,cosine,200,top1_accuracy,0.195,-0.014999999999999986,0.095,6cee87a0b85e3f18
17,sub-10,S3,S2,S0-cornet-ridge,dinov2,eeg-raw_sem-100_white-1_remove-0_center-1,1000.0,cosine,200,top5_accuracy,0.49,-0.0050000000000000044,0.14999999999999997,6cee87a0b85e3f18
29,sub-01,S3,S2,S0-cornet-ridge,cornet-s,eeg-raw_sem-64_white-1_remove-0_center-1,100.0,cosine,200,top1_accuracy,0.205,0.0,0.11999999999999998,bdb8e6f3b8ae43b2
29,sub-01,S3,S2,S0-cornet-ridge,cornet-s,eeg-raw_sem-64_white-1_remove-0_center-1,100.0,cosine,200,top5_accuracy,0.435,0.0,0.11499999999999999,bdb8e6f3b8ae43b2
29,sub-01,S3,S2,S0-cornet-ridge,dinov2,eeg-raw_sem-100_white-0_remove-0_center-1,100.0,cosine,200,top1_accuracy,0.115,0.0,0.03,4ea334315e5ce841
29,sub-01,S3,S2,S0-cornet-ridge,dinov2,eeg-raw_sem-100_white-0_remove-0_center-1,100.0,cosine,200,top5_accuracy,0.325,0.0,0.0050000000000000044,4ea334315e5ce841
29,sub-02,S3,S2,S0-cornet-ridge,cornet-s,eeg-raw_sem-100_white-1_remove-0_center-1,1000.0,cosine,200,top1_accuracy,0.14,0.0050000000000000044,0.08500000000000002,c36cd53c68e3f4c5
29,sub-02,S3,S2,S0-cornet-ridge,cornet-s,eeg-raw_sem-100_white-1_remove-0_center-1,1000.0,cosine,200,top5_accuracy,0.395,-0.0050000000000000044,0.12,c36cd53c68e3f4c5
29,sub-02,S3,S2,S0-cornet-ridge,dinov2,eeg-128_sem-100_white-0_remove-2_center-1,100.0,cosine,200,top1_accuracy,0.08,0.0,0.025,cfa5e33edcb13f73
29,sub-02,S3,S2,S0-cornet-ridge,dinov2,eeg-128_sem-100_white-0_remove-2_center-1,100.0,cosine,200,top5_accuracy,0.245,0.0,-0.030000000000000027,cfa5e33edcb13f73
29,sub-03,S3,S2,S0-cornet-ridge,cornet-s,eeg-raw_sem-100_white-1_remove-0_center-1,1000.0,cosine,200,top1_accuracy,0.145,0.004999999999999977,0.07999999999999999,c36cd53c68e3f4c5
29,sub-03,S3,S2,S0-cornet-ridge,cornet-s,eeg-raw_sem-100_white-1_remove-0_center-1,1000.0,cosine,200,top5_accuracy,0.395,-0.010000000000000009,0.10000000000000003,c36cd53c68e3f4c5
29,sub-03,S3,S2,S0-cornet-ridge,dinov2,eeg-128_sem-100_white-1_remove-0_center-1,100.0,cosine,200,top1_accuracy,0.11,0.0,0.045,295115ccc9c7083f
29,sub-03,S3,S2,S0-cornet-ridge,dinov2,eeg-128_sem-100_white-1_remove-0_center-1,100.0,cosine,200,top5_accuracy,0.245,0.0,-0.04999999999999999,295115ccc9c7083f
29,sub-04,S3,S2,S0-cornet-ridge,cornet-s,eeg-raw_sem-100_white-1_remove-0_center-1,100.0,cosine,200,top1_accuracy,0.15,0.0,0.06999999999999999,c47c3465b3318c90
29,sub-04,S3,S2,S0-cornet-ridge,cornet-s,eeg-raw_sem-100_white-1_remove-0_center-1,100.0,cosine,200,top5_accuracy,0.435,0.0,0.15499999999999997,c47c3465b3318c90
29,sub-04,S3,S2,S0-cornet-ridge,dinov2,eeg-128_sem-100_white-0_remove-0_center-1,100.0,cosine,200,top1_accuracy,0.08,0.0,0.0,cad9e62227c2ad76
29,sub-04,S3,S2,S0-cornet-ridge,dinov2,eeg-128_sem-100_white-0_remove-0_center-1,100.0,cosine,200,top5_accuracy,0.265,0.0,-0.015000000000000013,cad9e62227c2ad76
29,sub-05,S3,S2,S0-cornet-ridge,cornet-s,eeg-128_sem-100_white-1_remove-0_center-1,100.0,cosine,200,top1_accuracy,0.085,0.0,0.020000000000000004,74e21506b04c4f0b
29,sub-05,S3,S2,S0-cornet-ridge,cornet-s,eeg-128_sem-100_white-1_remove-0_center-1,100.0,cosine,200,top5_accuracy,0.335,0.0,0.12500000000000003,74e21506b04c4f0b
29,sub-05,S3,S2,S0-cornet-ridge,dinov2,eeg-128_sem-100_white-0_remove-0_center-1,100.0,cosine,200,top1_accuracy,0.055,0.0,-0.010000000000000002,cad9e62227c2ad76
29,sub-05,S3,S2,S0-cornet-ridge,dinov2,eeg-128_sem-100_white-0_remove-0_center-1,100.0,cosine,200,top5_accuracy,0.195,0.0,-0.014999999999999986,cad9e62227c2ad76
29,sub-06,S3,S2,S0-cornet-ridge,cornet-s,eeg-raw_sem-100_white-1_remove-0_center-1,1000.0,cosine,200,top1_accuracy,0.165,-0.0050000000000000044,0.095,c36cd53c68e3f4c5
29,sub-06,S3,S2,S0-cornet-ridge,cornet-s,eeg-raw_sem-100_white-1_remove-0_center-1,1000.0,cosine,200,top5_accuracy,0.43,0.0,0.16499999999999998,c36cd53c68e3f4c5
29,sub-06,S3,S2,S0-cornet-ridge,dinov2,eeg-128_sem-100_white-1_remove-0_center-1,100.0,cosine,200,top1_accuracy,0.08,0.0,0.009999999999999995,295115ccc9c7083f
29,sub-06,S3,S2,S0-cornet-ridge,dinov2,eeg-128_sem-100_white-1_remove-0_center-1,100.0,cosine,200,top5_accuracy,0.31,0.0,0.044999999999999984,295115ccc9c7083f
29,sub-07,S3,S2,S0-cornet-ridge,cornet-s,eeg-raw_sem-100_white-1_remove-0_center-1,100.0,cosine,200,top1_accuracy,0.155,0.0,0.039999999999999994,c47c3465b3318c90
29,sub-07,S3,S2,S0-cornet-ridge,cornet-s,eeg-raw_sem-100_white-1_remove-0_center-1,100.0,cosine,200,top5_accuracy,0.405,0.0,0.09500000000000003,c47c3465b3318c90
29,sub-07,S3,S2,S0-cornet-ridge,dinov2,eeg-raw_sem-100_white-0_remove-0_center-1,1000.0,cosine,200,top1_accuracy,0.105,0.0049999999999999906,-0.010000000000000009,8f8edbb06f6b54f3
29,sub-07,S3,S2,S0-cornet-ridge,dinov2,eeg-raw_sem-100_white-0_remove-0_center-1,1000.0,cosine,200,top5_accuracy,0.325,0.0,0.015000000000000013,8f8edbb06f6b54f3
29,sub-08,S3,S2,S0-cornet-ridge,cornet-s,eeg-raw_sem-64_white-1_remove-0_center-1,1000.0,cosine,200,top1_accuracy,0.155,-0.0050000000000000044,0.06,df74b86a16df9bb3
29,sub-08,S3,S2,S0-cornet-ridge,cornet-s,eeg-raw_sem-64_white-1_remove-0_center-1,1000.0,cosine,200,top5_accuracy,0.47,-0.0050000000000000044,0.19499999999999995,df74b86a16df9bb3
29,sub-08,S3,S2,S0-cornet-ridge,dinov2,eeg-raw_sem-100_white-0_remove-0_center-1,1000.0,cosine,200,top1_accuracy,0.155,-0.01999999999999999,0.06,8f8edbb06f6b54f3
29,sub-08,S3,S2,S0-cornet-ridge,dinov2,eeg-raw_sem-100_white-0_remove-0_center-1,1000.0,cosine,200,top5_accuracy,0.36,-0.015000000000000013,0.08499999999999996,8f8edbb06f6b54f3
29,sub-09,S3,S2,S0-cornet-ridge,cornet-s,eeg-raw_sem-100_white-1_remove-0_center-1,1000.0,cosine,200,top1_accuracy,0.18,-0.0050000000000000044,0.07999999999999999,c36cd53c68e3f4c5
29,sub-09,S3,S2,S0-cornet-ridge,cornet-s,eeg-raw_sem-100_white-1_remove-0_center-1,1000.0,cosine,200,top5_accuracy,0.42,0.010000000000000009,0.13,c36cd53c68e3f4c5
29,sub-09,S3,S2,S0-cornet-ridge,dinov2,eeg-raw_sem-100_white-0_remove-1_center-1,1000.0,cosine,200,top1_accuracy,0.1,0.0,0.0,78d1d7c4cc4f4ec4
29,sub-09,S3,S2,S0-cornet-ridge,dinov2,eeg-raw_sem-100_white-0_remove-1_center-1,1000.0,cosine,200,top5_accuracy,0.29,-0.0050000000000000044,0.0,78d1d7c4cc4f4ec4
29,sub-10,S3,S2,S0-cornet-ridge,cornet-s,eeg-raw_sem-100_white-1_remove-0_center-1,1000.0,cosine,200,top1_accuracy,0.185,-0.0050000000000000044,0.08499999999999999,c36cd53c68e3f4c5
29,sub-10,S3,S2,S0-cornet-ridge,cornet-s,eeg-raw_sem-100_white-1_remove-0_center-1,1000.0,cosine,200,top5_accuracy,0.48,-0.040000000000000036,0.13999999999999996,c36cd53c68e3f4c5
29,sub-10,S3,S2,S0-cornet-ridge,dinov2,eeg-raw_sem-100_white-0_remove-0_center-1,100.0,cosine,200,top1_accuracy,0.14,0.0,0.04000000000000001,4ea334315e5ce841
29,sub-10,S3,S2,S0-cornet-ridge,dinov2,eeg-raw_sem-100_white-0_remove-0_center-1,100.0,cosine,200,top5_accuracy,0.38,0.0,0.03999999999999998,4ea334315e5ce841
43,sub-01,S3,S2,S0-cornet-ridge,cornet-s,eeg-raw_sem-100_white-1_remove-0_center-1,1000.0,cosine,200,top1_accuracy,0.13,-0.010000000000000009,0.045,c42cb7e6b927ed07
43,sub-01,S3,S2,S0-cornet-ridge,cornet-s,eeg-raw_sem-100_white-1_remove-0_center-1,1000.0,cosine,200,top5_accuracy,0.445,-0.024999999999999967,0.125,c42cb7e6b927ed07
43,sub-01,S3,S2,S0-cornet-ridge,dinov2,eeg-raw_sem-64_white-1_remove-0_center-1,1000.0,cosine,200,top1_accuracy,0.16,-0.010000000000000009,0.075,c2905ccfcc81a987
43,sub-01,S3,S2,S0-cornet-ridge,dinov2,eeg-raw_sem-64_white-1_remove-0_center-1,1000.0,cosine,200,top5_accuracy,0.435,0.0,0.11499999999999999,c2905ccfcc81a987
43,sub-02,S3,S2,S0-cornet-ridge,cornet-s,eeg-raw_sem-100_white-1_remove-0_center-1,1000.0,cosine,200,top1_accuracy,0.14,0.0050000000000000044,0.08500000000000002,c42cb7e6b927ed07
43,sub-02,S3,S2,S0-cornet-ridge,cornet-s,eeg-raw_sem-100_white-1_remove-0_center-1,1000.0,cosine,200,top5_accuracy,0.395,-0.0050000000000000044,0.12,c42cb7e6b927ed07
43,sub-02,S3,S2,S0-cornet-ridge,dinov2,eeg-raw_sem-100_white-1_remove-0_center-1,1000.0,cosine,200,top1_accuracy,0.14,-0.014999999999999986,0.08500000000000002,eb1653f81d9192e5
43,sub-02,S3,S2,S0-cornet-ridge,dinov2,eeg-raw_sem-100_white-1_remove-0_center-1,1000.0,cosine,200,top5_accuracy,0.415,-0.025000000000000022,0.13999999999999996,eb1653f81d9192e5
43,sub-03,S3,S2,S0-cornet-ridge,cornet-s,eeg-raw_sem-100_white-1_remove-0_center-1,1000.0,cosine,200,top1_accuracy,0.145,0.004999999999999977,0.07999999999999999,c42cb7e6b927ed07
43,sub-03,S3,S2,S0-cornet-ridge,cornet-s,eeg-raw_sem-100_white-1_remove-0_center-1,1000.0,cosine,200,top5_accuracy,0.395,-0.010000000000000009,0.10000000000000003,c42cb7e6b927ed07
43,sub-03,S3,S2,S0-cornet-ridge,dinov2,eeg-raw_sem-100_white-1_remove-0_center-1,1000.0,cosine,200,top1_accuracy,0.185,-0.015000000000000013,0.12,eb1653f81d9192e5
43,sub-03,S3,S2,S0-cornet-ridge,dinov2,eeg-raw_sem-100_white-1_remove-0_center-1,1000.0,cosine,200,top5_accuracy,0.43,-0.015000000000000013,0.135,eb1653f81d9192e5
43,sub-04,S3,S2,S0-cornet-ridge,cornet-s,eeg-raw_sem-64_white-1_remove-0_center-1,1000.0,cosine,200,top1_accuracy,0.175,0.0,0.09499999999999999,bc3cf0f38ca94783
43,sub-04,S3,S2,S0-cornet-ridge,cornet-s,eeg-raw_sem-64_white-1_remove-0_center-1,1000.0,cosine,200,top5_accuracy,0.405,-0.014999999999999958,0.125,bc3cf0f38ca94783
43,sub-04,S3,S2,S0-cornet-ridge,dinov2,eeg-raw_sem-100_white-1_remove-0_center-1,1000.0,cosine,200,top1_accuracy,0.19,-0.010000000000000009,0.11,eb1653f81d9192e5
43,sub-04,S3,S2,S0-cornet-ridge,dinov2,eeg-raw_sem-100_white-1_remove-0_center-1,1000.0,cosine,200,top5_accuracy,0.46,0.0,0.18,eb1653f81d9192e5
43,sub-05,S3,S2,S0-cornet-ridge,cornet-s,eeg-128_sem-64_white-1_remove-0_center-1,100.0,cosine,200,top1_accuracy,0.07,0.0,0.0050000000000000044,388941b1c598c09b
43,sub-05,S3,S2,S0-cornet-ridge,cornet-s,eeg-128_sem-64_white-1_remove-0_center-1,100.0,cosine,200,top5_accuracy,0.31,0.0,0.1,388941b1c598c09b
43,sub-05,S3,S2,S0-cornet-ridge,dinov2,eeg-raw_sem-100_white-1_remove-0_center-1,1000.0,cosine,200,top1_accuracy,0.135,-0.009999999999999981,0.07,eb1653f81d9192e5
43,sub-05,S3,S2,S0-cornet-ridge,dinov2,eeg-raw_sem-100_white-1_remove-0_center-1,1000.0,cosine,200,top5_accuracy,0.35,0.009999999999999953,0.13999999999999999,eb1653f81d9192e5
43,sub-06,S3,S2,S0-cornet-ridge,cornet-s,eeg-raw_sem-100_white-1_remove-0_center-1,1000.0,cosine,200,top1_accuracy,0.165,-0.0050000000000000044,0.095,c42cb7e6b927ed07
43,sub-06,S3,S2,S0-cornet-ridge,cornet-s,eeg-raw_sem-100_white-1_remove-0_center-1,1000.0,cosine,200,top5_accuracy,0.43,0.0,0.16499999999999998,c42cb7e6b927ed07
43,sub-06,S3,S2,S0-cornet-ridge,dinov2,eeg-raw_sem-100_white-1_remove-0_center-1,1000.0,cosine,200,top1_accuracy,0.185,0.0,0.11499999999999999,eb1653f81d9192e5
43,sub-06,S3,S2,S0-cornet-ridge,dinov2,eeg-raw_sem-100_white-1_remove-0_center-1,1000.0,cosine,200,top5_accuracy,0.445,-0.015000000000000013,0.18,eb1653f81d9192e5
43,sub-07,S3,S2,S0-cornet-ridge,cornet-s,eeg-raw_sem-100_white-1_remove-0_center-1,1000.0,cosine,200,top1_accuracy,0.16,0.0050000000000000044,0.045,c42cb7e6b927ed07
43,sub-07,S3,S2,S0-cornet-ridge,cornet-s,eeg-raw_sem-100_white-1_remove-0_center-1,1000.0,cosine,200,top5_accuracy,0.415,0.009999999999999953,0.10499999999999998,c42cb7e6b927ed07
43,sub-07,S3,S2,S0-cornet-ridge,dinov2,eeg-raw_sem-100_white-1_remove-0_center-1,1000.0,cosine,200,top1_accuracy,0.185,-0.015000000000000013,0.06999999999999999,eb1653f81d9192e5
43,sub-07,S3,S2,S0-cornet-ridge,dinov2,eeg-raw_sem-100_white-1_remove-0_center-1,1000.0,cosine,200,top5_accuracy,0.425,-0.020000000000000018,0.11499999999999999,eb1653f81d9192e5
43,sub-08,S3,S2,S0-cornet-ridge,cornet-s,eeg-raw_sem-100_white-1_remove-0_center-1,1000.0,cosine,200,top1_accuracy,0.195,-0.014999999999999986,0.1,c42cb7e6b927ed07
43,sub-08,S3,S2,S0-cornet-ridge,cornet-s,eeg-raw_sem-100_white-1_remove-0_center-1,1000.0,cosine,200,top5_accuracy,0.48,0.010000000000000009,0.20499999999999996,c42cb7e6b927ed07
43,sub-08,S3,S2,S0-cornet-ridge,dinov2,eeg-raw_sem-100_white-1_remove-0_center-1,1000.0,cosine,200,top1_accuracy,0.185,-0.01999999999999999,0.09,eb1653f81d9192e5
43,sub-08,S3,S2,S0-cornet-ridge,dinov2,eeg-raw_sem-100_white-1_remove-0_center-1,1000.0,cosine,200,top5_accuracy,0.47,-0.015000000000000013,0.19499999999999995,eb1653f81d9192e5
43,sub-09,S3,S2,S0-cornet-ridge,cornet-s,eeg-raw_sem-100_white-1_remove-0_center-1,100.0,cosine,200,top1_accuracy,0.185,0.0,0.08499999999999999,79657d69ccb9ca6f
43,sub-09,S3,S2,S0-cornet-ridge,cornet-s,eeg-raw_sem-100_white-1_remove-0_center-1,100.0,cosine,200,top5_accuracy,0.41,0.0,0.12,79657d69ccb9ca6f
43,sub-09,S3,S2,S0-cornet-ridge,dinov2,eeg-raw_sem-100_white-1_remove-0_center-1,1000.0,cosine,200,top1_accuracy,0.14,-0.01999999999999999,0.04000000000000001,eb1653f81d9192e5
43,sub-09,S3,S2,S0-cornet-ridge,dinov2,eeg-raw_sem-100_white-1_remove-0_center-1,1000.0,cosine,200,top5_accuracy,0.45,-0.019999999999999962,0.16000000000000003,eb1653f81d9192e5
43,sub-10,S3,S2,S0-cornet-ridge,cornet-s,eeg-raw_sem-100_white-1_remove-0_center-1,1000.0,cosine,200,top1_accuracy,0.185,-0.0050000000000000044,0.08499999999999999,c42cb7e6b927ed07
43,sub-10,S3,S2,S0-cornet-ridge,cornet-s,eeg-raw_sem-100_white-1_remove-0_center-1,1000.0,cosine,200,top5_accuracy,0.48,-0.040000000000000036,0.13999999999999996,c42cb7e6b927ed07
43,sub-10,S3,S2,S0-cornet-ridge,dinov2,eeg-raw_sem-100_white-1_remove-0_center-1,100.0,cosine,200,top1_accuracy,0.21,0.0,0.10999999999999999,53266c6984080713
43,sub-10,S3,S2,S0-cornet-ridge,dinov2,eeg-raw_sem-100_white-1_remove-0_center-1,100.0,cosine,200,top5_accuracy,0.495,0.0,0.15499999999999997,53266c6984080713
71,sub-01,S3,S2,S0-cornet-ridge,cornet-s,eeg-raw_sem-64_white-1_remove-0_center-1,100.0,cosine,200,top1_accuracy,0.205,0.0,0.11999999999999998,703f4ab645cd8251
71,sub-01,S3,S2,S0-cornet-ridge,cornet-s,eeg-raw_sem-64_white-1_remove-0_center-1,100.0,cosine,200,top5_accuracy,0.435,0.0,0.11499999999999999,703f4ab645cd8251
71,sub-01,S3,S2,S0-cornet-ridge,dinov2,eeg-raw_sem-100_white-0_remove-0_center-1,1000.0,cosine,200,top1_accuracy,0.115,0.0,0.03,89a47ea1d3594994
71,sub-01,S3,S2,S0-cornet-ridge,dinov2,eeg-raw_sem-100_white-0_remove-0_center-1,1000.0,cosine,200,top5_accuracy,0.31,-0.015000000000000013,-0.010000000000000009,89a47ea1d3594994
71,sub-02,S3,S2,S0-cornet-ridge,cornet-s,eeg-raw_sem-100_white-1_remove-0_center-1,1000.0,cosine,200,top1_accuracy,0.14,0.0050000000000000044,0.08500000000000002,469dcf1c27dbd47f
71,sub-02,S3,S2,S0-cornet-ridge,cornet-s,eeg-raw_sem-100_white-1_remove-0_center-1,1000.0,cosine,200,top5_accuracy,0.395,-0.0050000000000000044,0.12,469dcf1c27dbd47f
71,sub-02,S3,S2,S0-cornet-ridge,dinov2,eeg-128_sem-100_white-1_remove-0_center-1,100.0,cosine,200,top1_accuracy,0.075,0.0,0.019999999999999997,fd24f7db0a3d4185
71,sub-02,S3,S2,S0-cornet-ridge,dinov2,eeg-128_sem-100_white-1_remove-0_center-1,100.0,cosine,200,top5_accuracy,0.26,0.0,-0.015000000000000013,fd24f7db0a3d4185
71,sub-03,S3,S2,S0-cornet-ridge,cornet-s,eeg-raw_sem-64_white-1_remove-0_center-1,100.0,cosine,200,top1_accuracy,0.15,0.0,0.08499999999999999,703f4ab645cd8251
71,sub-03,S3,S2,S0-cornet-ridge,cornet-s,eeg-raw_sem-64_white-1_remove-0_center-1,100.0,cosine,200,top5_accuracy,0.395,0.0,0.10000000000000003,703f4ab645cd8251
71,sub-03,S3,S2,S0-cornet-ridge,dinov2,eeg-raw_sem-100_white-0_remove-0_center-1,100.0,cosine,200,top1_accuracy,0.115,0.0,0.05,005c35d54001d851
71,sub-03,S3,S2,S0-cornet-ridge,dinov2,eeg-raw_sem-100_white-0_remove-0_center-1,100.0,cosine,200,top5_accuracy,0.305,0.0,0.010000000000000009,005c35d54001d851
71,sub-04,S3,S2,S0-cornet-ridge,cornet-s,eeg-raw_sem-100_white-1_remove-0_center-1,1000.0,cosine,200,top1_accuracy,0.165,0.015000000000000013,0.085,469dcf1c27dbd47f
71,sub-04,S3,S2,S0-cornet-ridge,cornet-s,eeg-raw_sem-100_white-1_remove-0_center-1,1000.0,cosine,200,top5_accuracy,0.42,-0.015000000000000013,0.13999999999999996,469dcf1c27dbd47f
71,sub-04,S3,S2,S0-cornet-ridge,dinov2,eeg-128_sem-100_white-0_remove-0_center-1,100.0,cosine,200,top1_accuracy,0.08,0.0,0.0,513838409e6383c4
71,sub-04,S3,S2,S0-cornet-ridge,dinov2,eeg-128_sem-100_white-0_remove-0_center-1,100.0,cosine,200,top5_accuracy,0.265,0.0,-0.015000000000000013,513838409e6383c4
71,sub-05,S3,S2,S0-cornet-ridge,cornet-s,eeg-raw_sem-64_white-1_remove-0_center-1,1000.0,cosine,200,top1_accuracy,0.11,0.0,0.045,02f32d15bdd57bf1
71,sub-05,S3,S2,S0-cornet-ridge,cornet-s,eeg-raw_sem-64_white-1_remove-0_center-1,1000.0,cosine,200,top5_accuracy,0.34,-0.034999999999999976,0.13000000000000003,02f32d15bdd57bf1
71,sub-05,S3,S2,S0-cornet-ridge,dinov2,eeg-128_sem-100_white-1_remove-0_center-1,100.0,cosine,200,top1_accuracy,0.065,0.0,0.0,fd24f7db0a3d4185
71,sub-05,S3,S2,S0-cornet-ridge,dinov2,eeg-128_sem-100_white-1_remove-0_center-1,100.0,cosine,200,top5_accuracy,0.21,0.0,0.0,fd24f7db0a3d4185
71,sub-06,S3,S2,S0-cornet-ridge,cornet-s,eeg-128_sem-100_white-1_remove-0_center-1,1000.0,cosine,200,top1_accuracy,0.14,0.0,0.07,1388fdd11c99094b
71,sub-06,S3,S2,S0-cornet-ridge,cornet-s,eeg-128_sem-100_white-1_remove-0_center-1,1000.0,cosine,200,top5_accuracy,0.38,0.0050000000000000044,0.11499999999999999,1388fdd11c99094b
71,sub-06,S3,S2,S0-cornet-ridge,dinov2,eeg-128_sem-100_white-0_remove-1_center-1,100.0,cosine,200,top1_accuracy,0.08,0.0,0.009999999999999995,4a42320ca51030ec
71,sub-06,S3,S2,S0-cornet-ridge,dinov2,eeg-128_sem-100_white-0_remove-1_center-1,100.0,cosine,200,top5_accuracy,0.245,0.0,-0.020000000000000018,4a42320ca51030ec
71,sub-07,S3,S2,S0-cornet-ridge,cornet-s,eeg-raw_sem-100_white-1_remove-0_center-1,1000.0,cosine,200,top1_accuracy,0.16,0.0050000000000000044,0.045,469dcf1c27dbd47f
71,sub-07,S3,S2,S0-cornet-ridge,cornet-s,eeg-raw_sem-100_white-1_remove-0_center-1,1000.0,cosine,200,top5_accuracy,0.415,0.009999999999999953,0.10499999999999998,469dcf1c27dbd47f
71,sub-07,S3,S2,S0-cornet-ridge,dinov2,eeg-raw_sem-100_white-0_remove-0_center-1,1000.0,cosine,200,top1_accuracy,0.105,0.0049999999999999906,-0.010000000000000009,89a47ea1d3594994
71,sub-07,S3,S2,S0-cornet-ridge,dinov2,eeg-raw_sem-100_white-0_remove-0_center-1,1000.0,cosine,200,top5_accuracy,0.325,0.0,0.015000000000000013,89a47ea1d3594994
71,sub-08,S3,S2,S0-cornet-ridge,cornet-s,eeg-raw_sem-100_white-1_remove-0_center-1,1000.0,cosine,200,top1_accuracy,0.195,-0.014999999999999986,0.1,469dcf1c27dbd47f
71,sub-08,S3,S2,S0-cornet-ridge,cornet-s,eeg-raw_sem-100_white-1_remove-0_center-1,1000.0,cosine,200,top5_accuracy,0.48,0.010000000000000009,0.20499999999999996,469dcf1c27dbd47f
71,sub-08,S3,S2,S0-cornet-ridge,dinov2,eeg-raw_sem-100_white-0_remove-0_center-1,1000.0,cosine,200,top1_accuracy,0.155,-0.01999999999999999,0.06,89a47ea1d3594994
71,sub-08,S3,S2,S0-cornet-ridge,dinov2,eeg-raw_sem-100_white-0_remove-0_center-1,1000.0,cosine,200,top5_accuracy,0.36,-0.015000000000000013,0.08499999999999996,89a47ea1d3594994
71,sub-09,S3,S2,S0-cornet-ridge,cornet-s,eeg-raw_sem-100_white-1_remove-0_center-1,1000.0,cosine,200,top1_accuracy,0.18,-0.0050000000000000044,0.07999999999999999,469dcf1c27dbd47f
71,sub-09,S3,S2,S0-cornet-ridge,cornet-s,eeg-raw_sem-100_white-1_remove-0_center-1,1000.0,cosine,200,top5_accuracy,0.42,0.010000000000000009,0.13,469dcf1c27dbd47f
71,sub-09,S3,S2,S0-cornet-ridge,dinov2,eeg-raw_sem-100_white-0_remove-0_center-1,100.0,cosine,200,top1_accuracy,0.12,0.0,0.01999999999999999,005c35d54001d851
71,sub-09,S3,S2,S0-cornet-ridge,dinov2,eeg-raw_sem-100_white-0_remove-0_center-1,100.0,cosine,200,top5_accuracy,0.305,0.0,0.015000000000000013,005c35d54001d851
71,sub-10,S3,S2,S0-cornet-ridge,cornet-s,eeg-raw_sem-100_white-1_remove-0_center-1,1000.0,cosine,200,top1_accuracy,0.185,-0.0050000000000000044,0.08499999999999999,469dcf1c27dbd47f
71,sub-10,S3,S2,S0-cornet-ridge,cornet-s,eeg-raw_sem-100_white-1_remove-0_center-1,1000.0,cosine,200,top5_accuracy,0.48,-0.040000000000000036,0.13999999999999996,469dcf1c27dbd47f
71,sub-10,S3,S2,S0-cornet-ridge,dinov2,eeg-raw_sem-100_white-0_remove-0_center-1,1000.0,cosine,200,top1_accuracy,0.125,-0.015000000000000013,0.024999999999999994,89a47ea1d3594994
71,sub-10,S3,S2,S0-cornet-ridge,dinov2,eeg-raw_sem-100_white-0_remove-0_center-1,1000.0,cosine,200,top5_accuracy,0.35,-0.030000000000000027,0.009999999999999953,89a47ea1d3594994
101,sub-01,S3,S2,S0-cornet-ridge,cornet-s,eeg-raw_sem-64_white-1_remove-0_center-1,100.0,cosine,200,top1_accuracy,0.205,0.0,0.11999999999999998,f7754df2a858425a
101,sub-01,S3,S2,S0-cornet-ridge,cornet-s,eeg-raw_sem-64_white-1_remove-0_center-1,100.0,cosine,200,top5_accuracy,0.435,0.0,0.11499999999999999,f7754df2a858425a
101,sub-01,S3,S2,S0-cornet-ridge,dinov2,eeg-128_sem-100_white-1_remove-0_center-1,100.0,cosine,200,top1_accuracy,0.085,0.0,0.0,f0ad84bbd7a80b0a
101,sub-01,S3,S2,S0-cornet-ridge,dinov2,eeg-128_sem-100_white-1_remove-0_center-1,100.0,cosine,200,top5_accuracy,0.275,0.0,-0.044999999999999984,f0ad84bbd7a80b0a
101,sub-02,S3,S2,S0-cornet-ridge,cornet-s,eeg-raw_sem-100_white-1_remove-0_center-1,1000.0,cosine,200,top1_accuracy,0.14,0.0050000000000000044,0.08500000000000002,c5bb5f0d69fc2577
101,sub-02,S3,S2,S0-cornet-ridge,cornet-s,eeg-raw_sem-100_white-1_remove-0_center-1,1000.0,cosine,200,top5_accuracy,0.395,-0.0050000000000000044,0.12,c5bb5f0d69fc2577
101,sub-02,S3,S2,S0-cornet-ridge,dinov2,eeg-128_sem-100_white-1_remove-0_center-1,100.0,cosine,200,top1_accuracy,0.075,0.0,0.019999999999999997,f0ad84bbd7a80b0a
101,sub-02,S3,S2,S0-cornet-ridge,dinov2,eeg-128_sem-100_white-1_remove-0_center-1,100.0,cosine,200,top5_accuracy,0.26,0.0,-0.015000000000000013,f0ad84bbd7a80b0a
101,sub-03,S3,S2,S0-cornet-ridge,cornet-s,eeg-raw_sem-64_white-1_remove-0_center-1,100.0,cosine,200,top1_accuracy,0.15,0.0,0.08499999999999999,f7754df2a858425a
101,sub-03,S3,S2,S0-cornet-ridge,cornet-s,eeg-raw_sem-64_white-1_remove-0_center-1,100.0,cosine,200,top5_accuracy,0.395,0.0,0.10000000000000003,f7754df2a858425a
101,sub-03,S3,S2,S0-cornet-ridge,dinov2,eeg-128_sem-100_white-0_remove-0_center-1,100.0,cosine,200,top1_accuracy,0.075,0.0,0.009999999999999995,ff7b9079e435b16b
101,sub-03,S3,S2,S0-cornet-ridge,dinov2,eeg-128_sem-100_white-0_remove-0_center-1,100.0,cosine,200,top5_accuracy,0.225,0.0,-0.06999999999999998,ff7b9079e435b16b
101,sub-04,S3,S2,S0-cornet-ridge,cornet-s,eeg-raw_sem-64_white-1_remove-0_center-1,1000.0,cosine,200,top1_accuracy,0.175,0.0,0.09499999999999999,20fadcec47ddd686
101,sub-04,S3,S2,S0-cornet-ridge,cornet-s,eeg-raw_sem-64_white-1_remove-0_center-1,1000.0,cosine,200,top5_accuracy,0.405,-0.014999999999999958,0.125,20fadcec47ddd686
101,sub-04,S3,S2,S0-cornet-ridge,dinov2,eeg-raw_sem-100_white-0_remove-0_center-1,1000.0,cosine,200,top1_accuracy,0.1,-0.015,0.020000000000000004,1971fe1b0616d38a
101,sub-04,S3,S2,S0-cornet-ridge,dinov2,eeg-raw_sem-100_white-0_remove-0_center-1,1000.0,cosine,200,top5_accuracy,0.31,0.0,0.02999999999999997,1971fe1b0616d38a
101,sub-05,S3,S2,S0-cornet-ridge,cornet-s,eeg-raw_sem-100_white-1_remove-0_center-1,1000.0,cosine,200,top1_accuracy,0.13,0.0050000000000000044,0.065,c5bb5f0d69fc2577
101,sub-05,S3,S2,S0-cornet-ridge,cornet-s,eeg-raw_sem-100_white-1_remove-0_center-1,1000.0,cosine,200,top5_accuracy,0.385,0.010000000000000009,0.17500000000000002,c5bb5f0d69fc2577
101,sub-05,S3,S2,S0-cornet-ridge,dinov2,eeg-raw_sem-100_white-0_remove-0_center-1,100.0,cosine,200,top1_accuracy,0.07,0.0,0.0050000000000000044,cedc401763c2d4a2
101,sub-05,S3,S2,S0-cornet-ridge,dinov2,eeg-raw_sem-100_white-0_remove-0_center-1,100.0,cosine,200,top5_accuracy,0.24,0.0,0.03,cedc401763c2d4a2
101,sub-06,S3,S2,S0-cornet-ridge,cornet-s,eeg-128_sem-100_white-1_remove-0_center-1,100.0,cosine,200,top1_accuracy,0.14,0.0,0.07,04a9dfbc16db3259
101,sub-06,S3,S2,S0-cornet-ridge,cornet-s,eeg-128_sem-100_white-1_remove-0_center-1,100.0,cosine,200,top5_accuracy,0.375,0.0,0.10999999999999999,04a9dfbc16db3259
101,sub-06,S3,S2,S0-cornet-ridge,dinov2,eeg-128_sem-100_white-1_remove-0_center-1,100.0,cosine,200,top1_accuracy,0.08,0.0,0.009999999999999995,f0ad84bbd7a80b0a
101,sub-06,S3,S2,S0-cornet-ridge,dinov2,eeg-128_sem-100_white-1_remove-0_center-1,100.0,cosine,200,top5_accuracy,0.31,0.0,0.044999999999999984,f0ad84bbd7a80b0a
101,sub-07,S3,S2,S0-cornet-ridge,cornet-s,eeg-raw_sem-64_white-1_remove-0_center-1,1000.0,cosine,200,top1_accuracy,0.12,-0.024999999999999994,0.0049999999999999906,20fadcec47ddd686
101,sub-07,S3,S2,S0-cornet-ridge,cornet-s,eeg-raw_sem-64_white-1_remove-0_center-1,1000.0,cosine,200,top5_accuracy,0.4,-0.0050000000000000044,0.09000000000000002,20fadcec47ddd686
101,sub-07,S3,S2,S0-cornet-ridge,dinov2,eeg-raw_sem-100_white-0_remove-0_center-1,100.0,cosine,200,top1_accuracy,0.1,0.0,-0.015,cedc401763c2d4a2
101,sub-07,S3,S2,S0-cornet-ridge,dinov2,eeg-raw_sem-100_white-0_remove-0_center-1,100.0,cosine,200,top5_accuracy,0.325,0.0,0.015000000000000013,cedc401763c2d4a2
101,sub-08,S3,S2,S0-cornet-ridge,cornet-s,eeg-raw_sem-100_white-1_remove-0_center-1,1000.0,cosine,200,top1_accuracy,0.195,-0.014999999999999986,0.1,c5bb5f0d69fc2577
101,sub-08,S3,S2,S0-cornet-ridge,cornet-s,eeg-raw_sem-100_white-1_remove-0_center-1,1000.0,cosine,200,top5_accuracy,0.48,0.010000000000000009,0.20499999999999996,c5bb5f0d69fc2577
101,sub-08,S3,S2,S0-cornet-ridge,dinov2,eeg-raw_sem-100_white-0_remove-0_center-1,1000.0,cosine,200,top1_accuracy,0.155,-0.01999999999999999,0.06,1971fe1b0616d38a
101,sub-08,S3,S2,S0-cornet-ridge,dinov2,eeg-raw_sem-100_white-0_remove-0_center-1,1000.0,cosine,200,top5_accuracy,0.36,-0.015000000000000013,0.08499999999999996,1971fe1b0616d38a
101,sub-09,S3,S2,S0-cornet-ridge,cornet-s,eeg-raw_sem-64_white-1_remove-0_center-1,1000.0,cosine,200,top1_accuracy,0.135,0.015000000000000013,0.035,20fadcec47ddd686
101,sub-09,S3,S2,S0-cornet-ridge,cornet-s,eeg-raw_sem-64_white-1_remove-0_center-1,1000.0,cosine,200,top5_accuracy,0.42,0.014999999999999958,0.13,20fadcec47ddd686
101,sub-09,S3,S2,S0-cornet-ridge,dinov2,eeg-raw_sem-64_white-1_remove-0_center-1,100.0,cosine,200,top1_accuracy,0.065,0.0,-0.035,6e20f011a712e9a8
101,sub-09,S3,S2,S0-cornet-ridge,dinov2,eeg-raw_sem-64_white-1_remove-0_center-1,100.0,cosine,200,top5_accuracy,0.325,0.0,0.03500000000000003,6e20f011a712e9a8
101,sub-10,S3,S2,S0-cornet-ridge,cornet-s,eeg-raw_sem-100_white-1_remove-0_center-1,1000.0,cosine,200,top1_accuracy,0.185,-0.0050000000000000044,0.08499999999999999,c5bb5f0d69fc2577
101,sub-10,S3,S2,S0-cornet-ridge,cornet-s,eeg-raw_sem-100_white-1_remove-0_center-1,1000.0,cosine,200,top5_accuracy,0.48,-0.040000000000000036,0.13999999999999996,c5bb5f0d69fc2577
101,sub-10,S3,S2,S0-cornet-ridge,dinov2,eeg-raw_sem-100_white-0_remove-0_center-1,1000.0,cosine,200,top1_accuracy,0.125,-0.015000000000000013,0.024999999999999994,1971fe1b0616d38a
101,sub-10,S3,S2,S0-cornet-ridge,dinov2,eeg-raw_sem-100_white-0_remove-0_center-1,1000.0,cosine,200,top5_accuracy,0.35,-0.030000000000000027,0.009999999999999953,1971fe1b0616d38a
