seed,participant,semantic_source,s0_reference_mean,s2_reference_mean,s2_minus_s0,s2_retained,s3_reference_mean,s3_minus_s2,s3_retained
17,sub-01,cornet-s,0.021766200233216727,0.03409983604688884,0.012333635813672115,True,0.03669886547954093,0.0025990294326520905,True
17,sub-01,dinov2,0.025575918181260246,0.05991653296158938,0.03434061478032913,True,0.06203236101247622,0.0021158280508868435,True
17,sub-02,cornet-s,0.01789653418904583,0.027992144278737825,0.010095610089691995,True,0.027992144278737825,0.0,False
17,sub-02,dinov2,0.020616555757209113,0.047277457762346896,0.026660902005137783,True,0.053444878437974,0.006167420675627103,True
17,sub-03,cornet-s,0.01892430977493709,0.03331393513769431,0.01438962536275722,True,0.035188217294861344,0.0018742821571670343,True
17,sub-03,dinov2,0.022550347633200945,0.05616588635506808,0.033615538721867136,True,0.05791983394267778,0.0017539475876097027,True
17,sub-04,cornet-s,0.0211625546875685,0.03270963202609222,0.011547077338523722,True,0.03482469291669955,0.002115060890607326,True
17,sub-04,dinov2,0.023822408970953123,0.049817415853476765,0.025995006882523642,True,0.0561664343266963,0.006349018473219538,True
17,sub-05,cornet-s,0.0156597140026478,0.024728425261053687,0.009068711258405887,True,0.02738860832741524,0.0026601830663615517,True
17,sub-05,dinov2,0.019166074857308188,0.04171839518837073,0.02255232033106254,True,0.04607301612351719,0.004354620935146464,True
17,sub-06,cornet-s,0.022491057103027432,0.03530811348711609,0.01281705638408866,True,0.03875386867969524,0.003445755192579149,True
17,sub-06,dinov2,0.03125684964535277,0.06027950936812296,0.02902265972277019,True,0.06862336375671813,0.008343854388595168,True
17,sub-07,cornet-s,0.022067365440086972,0.037302839808166094,0.015235474368079122,True,0.037302839808166094,0.0,False
17,sub-07,dinov2,0.02890057164400256,0.0611839913376645,0.03228341969366194,True,0.0611839913376645,0.0,False
17,sub-08,cornet-s,0.028113903574528528,0.04878854432432906,0.020674640749800532,True,0.05531773586890765,0.006529191544578587,True
17,sub-08,dinov2,0.03325234312668227,0.08337267769623961,0.05012033456955734,True,0.08754471448486283,0.004172036788623212,True
17,sub-09,cornet-s,0.018380502731090594,0.027025851109532952,0.008645348378442358,True,0.029262232918628405,0.002236381809095453,True
17,sub-09,dinov2,0.022007088560982668,0.04873013054876071,0.02672304198777804,True,0.050784366588635506,0.002054236039874799,True
17,sub-10,cornet-s,0.029624661353533758,0.04867127839588977,0.019046617042356013,True,0.04867127839588977,0.0,False
17,sub-10,dinov2,0.039722901707041215,0.07950268286909178,0.03977978116205056,True,0.0851238854257082,0.005621202556616425,True
29,sub-01,cornet-s,0.021584383246973,0.034823158596140526,0.013238775349167526,True,0.034823158596140526,0.0,False
29,sub-01,dinov2,0.020675736693056977,0.026602049852266847,0.00592631315920987,True,0.026602049852266847,0.0,False
29,sub-02,cornet-s,0.017412456052675416,0.027811313641424903,0.010398857588749488,True,0.032105328914490125,0.0042940152730652215,True
29,sub-02,dinov2,0.015418496891904923,0.02031451379573371,0.004896016903828787,True,0.02031451379573371,0.0,False
29,sub-03,cornet-s,0.020314732984385003,0.03270974162041786,0.01239500863603286,True,0.03802890221555889,0.005319160595141023,True
29,sub-03,dinov2,0.01777455570460384,0.022068242194692125,0.004293686490088284,True,0.022068242194692125,0.0,False
29,sub-04,cornet-s,0.02164378337147216,0.03452144541764205,0.012877662046169892,True,0.03452144541764205,0.0,False
29,sub-04,dinov2,0.020193960037525098,0.02406274932709084,0.0038687892895657404,True,0.02406274932709084,0.0,False
29,sub-05,cornet-s,0.016746780118712574,0.0247874966025759,0.008040716483863328,True,0.0247874966025759,0.0,False
29,sub-05,dinov2,0.013602738104631895,0.017895986217417607,0.004293248112785713,True,0.017895986217417607,0.0,False
29,sub-06,cornet-s,0.022972833758559314,0.03621347221126279,0.013240638452703474,True,0.039961707742619916,0.0037482355313571275,True
29,sub-06,dinov2,0.01735163120194289,0.02666276510867373,0.009311133906730842,True,0.02666276510867373,0.0,False
29,sub-07,cornet-s,0.024364352911263664,0.03645841552907756,0.012094062617813896,True,0.03645841552907756,0.0,False
29,sub-07,dinov2,0.019890602944141966,0.024425616139298775,0.004535013195156808,True,0.02744899480084519,0.003023378661546415,True
29,sub-08,cornet-s,0.030170221906590567,0.04751933243904364,0.017349110532453072,True,0.0537449477015878,0.006225615262544164,True
29,sub-08,dinov2,0.026721617261544664,0.033372787290565246,0.0066511700290205825,True,0.03639561798048344,0.003022830689918196,True
29,sub-09,cornet-s,0.017592848312685764,0.028477099169713388,0.010884250857027624,True,0.03101650928921504,0.0025394101195016505,True
29,sub-09,dinov2,0.014992942125428515,0.01910415406331922,0.004111211937890704,True,0.01989049334981632,0.0007863392864971008,True
29,sub-10,cornet-s,0.028355011090945754,0.04504436378302077,0.016689352692075016,True,0.050182693740848876,0.0051383299578281055,True
29,sub-10,dinov2,0.026479852179173573,0.03288991469177692,0.006410062512603346,True,0.03288991469177692,0.0,False
43,sub-01,cornet-s,0.023217338699071517,0.033917361494691246,0.01070002279561973,True,0.03814846962483671,0.004231108130145461,True
43,sub-01,dinov2,0.026843814934637944,0.0617287847304418,0.034884969795803855,True,0.06227303015159088,0.0005442454211490796,True
43,sub-02,cornet-s,0.018319020314404202,0.028597324144945074,0.010278303830540871,True,0.031016618883540684,0.0024192947385956107,True
43,sub-02,dinov2,0.021342508570276263,0.04776033036113522,0.02641782179085896,True,0.05447111970330624,0.0067107893421710155,True
43,sub-03,cornet-s,0.01898403868241318,0.031621579561096645,0.012637540878683465,True,0.03760784081643389,0.005986261255337244,True
43,sub-03,dinov2,0.02400389717421991,0.05556136405481469,0.031557466880594784,True,0.059370095653927424,0.0038087315991127343,True
43,sub-04,cornet-s,0.021039809042846996,0.03192285436229254,0.01088304531944554,True,0.035249261334245156,0.0033264069719526196,True
43,sub-04,dinov2,0.022551224387806098,0.048367702113855354,0.025816477726049256,True,0.053022063529638695,0.004654361415783341,True
43,sub-05,cornet-s,0.016264017114249893,0.025939223370770755,0.009675206256520862,True,0.025939223370770755,0.0,False
43,sub-05,dinov2,0.01892496734089096,0.04086772403272048,0.02194275669182952,True,0.04443622487002113,0.0035685008373006477,True
43,sub-06,cornet-s,0.02140475814724217,0.03567295299718562,0.01426819484994345,True,0.04075188283051457,0.00507892983332895,True
43,sub-06,dinov2,0.032044284875106306,0.06118552565822352,0.029141240783117216,True,0.06656748380195866,0.005381958143735141,True
43,sub-07,cornet-s,0.02370043048651113,0.03579153405753264,0.012091103571021507,True,0.03972180576378478,0.003930271706252139,True
43,sub-07,dinov2,0.029079867960756466,0.06184955767730169,0.03276968971654523,True,0.06414796987471176,0.002298412197410067,True
43,sub-08,cornet-s,0.028900790832653848,0.04866996326398204,0.019769172431328193,True,0.05592609397055858,0.00725613070657654,True
43,sub-08,dinov2,0.03264672488317245,0.08421962264481793,0.05157289776164548,True,0.08833138255433687,0.004111759909518939,True
43,sub-09,cornet-s,0.01916728039489027,0.027993130627668627,0.008825850232778355,True,0.027993130627668627,0.0,False
43,sub-09,dinov2,0.02237028415616753,0.04933278974547814,0.02696250558931061,True,0.052053030502292714,0.002720240756814575,True
43,sub-10,cornet-s,0.029321961826104494,0.04788307600585672,0.018561114179752227,True,0.0512083870345529,0.0033253110286961818,True
43,sub-10,dinov2,0.038571613316148945,0.08004572275265875,0.04147410943650981,True,0.08004572275265875,0.0,False
71,sub-01,cornet-s,0.022131149337611896,0.03591449889090542,0.013783349553293526,True,0.03591449889090542,0.0,False
71,sub-01,dinov2,0.020497755508210806,0.023218105859351027,0.002720350351140221,True,0.024790894026670878,0.001572788167319851,True
71,sub-02,cornet-s,0.019105359600901303,0.029869166294045957,0.010763806693144654,True,0.03494667140114154,0.005077505107095585,True
71,sub-02,dinov2,0.01711030449687437,0.020193631254548164,0.0030833267576737926,True,0.020193631254548164,0.0,False
71,sub-03,cornet-s,0.019226461330738142,0.03252967814338445,0.013303216812646308,True,0.03252967814338445,0.0,False
71,sub-03,dinov2,0.018260825727487134,0.021767515365124456,0.0035066896376373217,True,0.021767515365124456,0.0,False
71,sub-04,cornet-s,0.020072858307688263,0.032527157473894626,0.012454299166206363,True,0.03591296457034641,0.0033858070964517817,True
71,sub-04,dinov2,0.0195906432748538,0.02436479128856624,0.00477414801371244,True,0.02436479128856624,0.0,False
71,sub-05,cornet-s,0.014994586040313175,0.024668696353577598,0.009674110313264423,True,0.027328002665334,0.002659306311756402,True
71,sub-05,dinov2,0.015295751247183425,0.01904519231612264,0.0037494410689392164,True,0.01904519231612264,0.0,False
71,sub-06,cornet-s,0.02249039953707357,0.0365777637497041,0.014087364212630526,True,0.03687991530550514,0.0003021515558010446,True
71,sub-06,dinov2,0.01850138527227614,0.024850951717123895,0.006349566444847753,True,0.024850951717123895,0.0,False
71,sub-07,cornet-s,0.024486879367333875,0.039479821492762385,0.01499294212542851,True,0.04171806640539379,0.0022382449126314083,True
71,sub-07,dinov2,0.018864800056112296,0.024849088613587946,0.00598428855747565,True,0.02781197120737876,0.002962882593790815,True
71,sub-08,cornet-s,0.02962597648544149,0.04818413161840133,0.018558155132959837,True,0.055017228227991266,0.006833096609589938,True
71,sub-08,dinov2,0.027328879419939153,0.032287803466687706,0.004958924046748553,True,0.03476584076382861,0.0024780372971409045,True
71,sub-09,cornet-s,0.017713730853871307,0.028355230279597046,0.010641499425725738,True,0.029382896271162667,0.0010276659915656218,True
71,sub-09,dinov2,0.01735294633385062,0.018804413582682342,0.001451467248831724,True,0.018804413582682342,0.0,False
71,sub-10,cornet-s,0.031015303751632955,0.04745916515426498,0.016443861402632026,True,0.05211451291897911,0.0046553477647141295,True
71,sub-10,dinov2,0.02497128628668122,0.031078430083204014,0.0061071437965227945,True,0.034463689208027566,0.0033852591248235524,True
101,sub-01,cornet-s,0.02110052429925388,0.032890353069079496,0.011789828769825615,True,0.032890353069079496,0.0,False
101,sub-01,dinov2,0.018260496944510204,0.023820984244719744,0.005560487300209541,True,0.023820984244719744,0.0,False
101,sub-02,cornet-s,0.018923980991960163,0.027752571082879613,0.00882859009091945,True,0.03016967393496234,0.002417102852082728,True
101,sub-02,dinov2,0.015842188554845385,0.019287834153098888,0.003445645598253503,True,0.019287834153098888,0.0,False
101,sub-03,cornet-s,0.019892027670375335,0.03149762837879306,0.011605600708417724,True,0.03149762837879306,0.0,False
101,sub-03,dinov2,0.018924638557914025,0.02243067062959748,0.003506032071683457,True,0.02243067062959748,0.0,False
101,sub-04,cornet-s,0.021462075979554084,0.033129816670612065,0.011667740691057981,True,0.03742196884014134,0.004292152169529273,True
101,sub-04,dinov2,0.0188043039883567,0.02436544885452011,0.005561144866163409,True,0.027570315719333317,0.003204866864813208,True
101,sub-05,cornet-s,0.016022361626204438,0.023822408970953123,0.007800047344748685,True,0.028537814426120273,0.004715405455167149,True
101,sub-05,dinov2,0.01154674855554679,0.016868429820177628,0.005321681264630838,True,0.016868429820177628,0.0,False
101,sub-06,cornet-s,0.022249072832005046,0.03609390480198497,0.013844831969979921,True,0.03609390480198497,0.0,False
101,sub-06,dinov2,0.018258962623951182,0.02515047300910948,0.006891510385158298,True,0.02515047300910948,0.0,False
101,sub-07,cornet-s,0.025755981658293663,0.03633654663896122,0.010580564980667558,True,0.03881546069070727,0.0024789140517460506,True
101,sub-07,dinov2,0.019467678441481017,0.02503046722252909,0.0055627887810480725,True,0.02503046722252909,0.0,False
101,sub-08,cornet-s,0.027871919303506142,0.04927645826209701,0.02140453895859087,True,0.05610714379652279,0.0068306855344257775,True
101,sub-08,dinov2,0.02557416467204994,0.030532431152844635,0.004958266480794695,True,0.03464583497724822,0.004113403824403585,True
101,sub-09,cornet-s,0.0166263359548296,0.026906174105929492,0.010279838151099892,True,0.02962597648544149,0.0027198023795119985,True
101,sub-09,dinov2,0.015478006610729721,0.017957797417080933,0.0024797908063512123,True,0.017957797417080933,0.0,False
101,sub-10,cornet-s,0.030049120176753725,0.04830895955531006,0.018259839378556336,True,0.05121079810971707,0.0029018385544070102,True
101,sub-10,dinov2,0.026603255389848934,0.030713261790157556,0.0041100064003086224,True,0.03355427549383203,0.002841013703674476,True
