seed,participant,repetitions,mean_similarity_to_80,mean_feature_variance,first_last_40_similarity
17,sub-01,1,0.39267006898819745,0.48693506033738687,0.8614529889327767
17,sub-01,2,0.5170067138450969,0.27664544424418674,0.8614529889327767
17,sub-01,5,0.692083566941472,0.1181118162189478,0.8614529889327767
17,sub-01,10,0.814138706952258,0.06632122558047311,0.8614529889327767
17,sub-01,20,0.9078323482617369,0.04227208158830883,0.8614529889327767
17,sub-01,40,0.9642208374089194,0.030004293525734218,0.8614529889327767
17,sub-01,80,1.0,0.023748167386741254,0.8614529889327767
17,sub-02,1,0.30213160504700515,0.46187094802838036,0.767749791254663
17,sub-02,2,0.4071458467066904,0.23270808748503477,0.767749791254663
17,sub-02,5,0.5807000145350629,0.10529273672907069,0.767749791254663
17,sub-02,10,0.7219862444975544,0.05950103369700686,0.767749791254663
17,sub-02,20,0.8490807182691644,0.03597043083201464,0.767749791254663
17,sub-02,40,0.9388524452618676,0.024937468407655598,0.767749791254663
17,sub-02,80,1.0,0.01922235717993656,0.767749791254663
17,sub-03,1,0.4444157157717285,0.4229309016219505,0.8964050337183588
17,sub-03,2,0.5788471311917925,0.21862311322151187,0.8964050337183588
17,sub-03,5,0.751959818550498,0.0992360078235479,0.8964050337183588
17,sub-03,10,0.8531047697862795,0.062457708851422836,0.8964050337183588
17,sub-03,20,0.9285818454908851,0.04085736105284484,0.8964050337183588
17,sub-03,40,0.9748897735499944,0.030963012873932248,0.8964050337183588
17,sub-03,80,1.0,0.02616935801666064,0.8964050337183588
17,sub-04,1,0.3744443631520896,0.44066012872381194,0.8451335648370977
17,sub-04,2,0.50624769339579,0.20121021280118484,0.8451335648370977
17,sub-04,5,0.6733518526620372,0.089573109051271,0.8451335648370977
17,sub-04,10,0.8031102524605348,0.054155153188579344,0.8451335648370977
17,sub-04,20,0.8951109396371121,0.036676629211684776,0.8451335648370977
17,sub-04,40,0.9611523815654089,0.02724675026358581,0.8451335648370977
17,sub-04,80,1.0,0.022797916905489355,0.8451335648370977
17,sub-05,1,0.35125975459708625,0.6127930250211329,0.8107999982252765
17,sub-05,2,0.4536777782850186,0.3243923929495738,0.8107999982252765
17,sub-05,5,0.6277170878273735,0.13801196706935837,0.8107999982252765
17,sub-05,10,0.7640699280097638,0.08165333189618997,0.8107999982252765
17,sub-05,20,0.8737189804284339,0.05128350948091536,0.8107999982252765
17,sub-05,40,0.9514373699979154,0.036386899870170394,0.8107999982252765
17,sub-05,80,1.0,0.029007319371399165,0.8107999982252765
17,sub-06,1,0.36443472837474183,0.5107503867990751,0.83877728871796
17,sub-06,2,0.48135356181906225,0.25476865026823975,0.83877728871796
17,sub-06,5,0.6599478584428531,0.1191298318510248,0.83877728871796
17,sub-06,10,0.7958078512938792,0.0682793128798829,0.83877728871796
17,sub-06,20,0.8927375652635873,0.04467854067169457,0.83877728871796
17,sub-06,40,0.9605280083696222,0.0329851332140368,0.83877728871796
17,sub-06,80,1.0,0.027047105893481124,0.83877728871796
17,sub-07,1,0.4466953582380988,0.5252006007460416,0.8944921711644848
17,sub-07,2,0.5752513215082041,0.27079923448751436,0.8944921711644848
17,sub-07,5,0.7473764589965084,0.12451589462844401,0.8944921711644848
17,sub-07,10,0.8516482425564149,0.07853296849019002,0.8944921711644848
17,sub-07,20,0.9264913947474426,0.05372425396074237,0.8944921711644848
17,sub-07,40,0.9734332004202126,0.04204022471675562,0.8944921711644848
17,sub-07,80,1.0,0.03579473846307866,0.8944921711644848
17,sub-08,1,0.4485305166348575,0.5048386261969076,0.8888210347322303
17,sub-08,2,0.5664747721191971,0.275392779779713,0.8888210347322303
17,sub-08,5,0.7331071645904613,0.13247291604288375,0.8888210347322303
17,sub-08,10,0.8416812963654479,0.08107171404142523,0.8888210347322303
17,sub-08,20,0.923017878926995,0.057793824004736996,0.8888210347322303
17,sub-08,40,0.9720602481025006,0.046696295880929925,0.8888210347322303
17,sub-08,80,1.0,0.040784817459620724,0.8888210347322303
17,sub-09,1,0.2573030381652206,0.5508615000362581,0.6852914912966565
17,sub-09,2,0.355636083504009,0.27495178451380214,0.6852914912966565
17,sub-09,5,0.5278567751012758,0.11773348346268749,0.6852914912966565
17,sub-09,10,0.6468957033374302,0.06611674087906048,0.6852914912966565
17,sub-09,20,0.8088365843921753,0.0391938684912466,0.6852914912966565
17,sub-09,40,0.9203549128504005,0.026054306367522408,0.6852914912966565
17,sub-09,80,1.0,0.019558065399864266,0.6852914912966565
17,sub-10,1,0.46704148909098364,0.44764237116759703,0.8951630921779323
17,sub-10,2,0.582209693242605,0.25448046775890965,0.8951630921779323
17,sub-10,5,0.7402487189243394,0.12102934856723398,0.8951630921779323
17,sub-10,10,0.8507788120484284,0.07361186765186861,0.8951630921779323
17,sub-10,20,0.9255363124772319,0.050665475493710616,0.8951630921779323
17,sub-10,40,0.9733523084820199,0.03977486043176188,0.8951630921779323
17,sub-10,80,1.0,0.03401965564330849,0.8951630921779323
29,sub-01,1,0.4035744153810439,0.5056930325007506,0.8614529889327767
29,sub-01,2,0.5108466981768734,0.2660299097986484,0.8614529889327767
29,sub-01,5,0.6866669495696448,0.12052541801616931,0.8614529889327767
29,sub-01,10,0.8144398893690186,0.06640121318779545,0.8614529889327767
29,sub-01,20,0.9026609860484277,0.04247431962786383,0.8614529889327767
29,sub-01,40,0.9653248855584156,0.029614997604049075,0.8614529889327767
29,sub-01,80,1.0,0.023748167386741254,0.8614529889327767
29,sub-02,1,0.3015740765368765,0.45034299692947033,0.767749791254663
29,sub-02,2,0.415799174482563,0.2403135133268519,0.767749791254663
29,sub-02,5,0.5812298756963528,0.10144328063276019,0.767749791254663
29,sub-02,10,0.721438028919533,0.05858783120732215,0.767749791254663
29,sub-02,20,0.8413443428907763,0.03561847917609559,0.767749791254663
29,sub-02,40,0.9406845054102873,0.024970422425843013,0.767749791254663
29,sub-02,80,1.0,0.01922235717993656,0.767749791254663
29,sub-03,1,0.4469949616168721,0.4347846493146909,0.8964050337183588
29,sub-03,2,0.571613594060911,0.2243598039162947,0.8964050337183588
29,sub-03,5,0.7534293639365377,0.10024546613940208,0.8964050337183588
29,sub-03,10,0.8567319226931894,0.06066842839365135,0.8964050337183588
29,sub-03,20,0.9306739704968059,0.04137563292768234,0.8964050337183588
29,sub-03,40,0.9748642726196397,0.03112551467916261,0.8964050337183588
29,sub-03,80,1.0,0.02616935801666064,0.8964050337183588
29,sub-04,1,0.3851533574780576,0.47797468194000287,0.8451335648370977
29,sub-04,2,0.5092018088010246,0.18857338939250243,0.8451335648370977
29,sub-04,5,0.6572928856051773,0.09675712466448905,0.8451335648370977
29,sub-04,10,0.8031708168569369,0.055734613741615424,0.8451335648370977
29,sub-04,20,0.8959016938952504,0.036922991456745005,0.8451335648370977
29,sub-04,40,0.9597846199022726,0.02694354721182624,0.8451335648370977
29,sub-04,80,1.0,0.022797916905489355,0.8451335648370977
29,sub-05,1,0.33143658439805096,0.621069779158391,0.8107999982252765
29,sub-05,2,0.4462325830336586,0.31580677700208737,0.8107999982252765
29,sub-05,5,0.6428206348682264,0.14216092563278862,0.8107999982252765
29,sub-05,10,0.7711678204424938,0.0804489874099493,0.8107999982252765
29,sub-05,20,0.8722966949983142,0.050813787931002836,0.8107999982252765
29,sub-05,40,0.9523446341364834,0.03603321007248811,0.8107999982252765
29,sub-05,80,1.0,0.029007319371399165,0.8107999982252765
29,sub-06,1,0.37694076344474053,0.4835391771073657,0.83877728871796
29,sub-06,2,0.4846343981926698,0.24957641520029092,0.83877728871796
29,sub-06,5,0.6673355275003954,0.11497763809888431,0.83877728871796
29,sub-06,10,0.7927089596217775,0.06871543138600253,0.83877728871796
29,sub-06,20,0.8918886451383295,0.044629665153413156,0.83877728871796
29,sub-06,40,0.959110581892572,0.03272015062673677,0.83877728871796
29,sub-06,80,1.0,0.027047105893481124,0.83877728871796
29,sub-07,1,0.4532969100827301,0.511708811088436,0.8944921711644848
29,sub-07,2,0.593267495885302,0.2609192504362981,0.8944921711644848
29,sub-07,5,0.7498118218906903,0.1260453645168461,0.8944921711644848
29,sub-07,10,0.8519654607307112,0.07770052778269192,0.8944921711644848
29,sub-07,20,0.9274160216809801,0.053783298741263974,0.8944921711644848
29,sub-07,40,0.9742297904984608,0.041992303409817036,0.8944921711644848
29,sub-07,80,1.0,0.03579473846307866,0.8944921711644848
29,sub-08,1,0.4383508614114202,0.5272212680025301,0.8888210347322303
29,sub-08,2,0.5610408198910609,0.2662827380531093,0.8888210347322303
29,sub-08,5,0.7385940766516161,0.1289891995394776,0.8888210347322303
29,sub-08,10,0.8400153705322119,0.08201412852968024,0.8888210347322303
29,sub-08,20,0.9232258363009436,0.05858571160194623,0.8888210347322303
29,sub-08,40,0.971271100335141,0.04655152796862526,0.8888210347322303
29,sub-08,80,1.0,0.040784817459620724,0.8888210347322303
29,sub-09,1,0.2717914905689949,0.5616168197473033,0.6852914912966565
29,sub-09,2,0.34270148463610645,0.27537544763153654,0.6852914912966565
29,sub-09,5,0.5263568628644756,0.11904536093137881,0.6852914912966565
29,sub-09,10,0.669630246920518,0.06655592869877153,0.6852914912966565
29,sub-09,20,0.8088545863205842,0.038750680077130395,0.6852914912966565
29,sub-09,40,0.9221824830331972,0.026304418766679164,0.6852914912966565
29,sub-09,80,1.0,0.019558065399864266,0.6852914912966565
29,sub-10,1,0.45083902472309645,0.46661366285714656,0.8951630921779323
29,sub-10,2,0.576340476144623,0.2664896794203523,0.8951630921779323
29,sub-10,5,0.7470245918248386,0.11714005360528032,0.8951630921779323
29,sub-10,10,0.8551529524028192,0.07011139395749426,0.8951630921779323
29,sub-10,20,0.9283304626635693,0.05070229872474017,0.8951630921779323
29,sub-10,40,0.9731789239231383,0.039634644354336376,0.8951630921779323
29,sub-10,80,1.0,0.034019655643308486,0.8951630921779323
43,sub-01,1,0.41026546403753544,0.5108662260792053,0.8614529889327767
43,sub-01,2,0.5163374184457764,0.2593072875613381,0.8614529889327767
43,sub-01,5,0.6966684968214344,0.11745654918381207,0.8614529889327767
43,sub-01,10,0.8155915889436623,0.06578241587899425,0.8614529889327767
43,sub-01,20,0.9030805936597217,0.04342769749929964,0.8614529889327767
43,sub-01,40,0.9649666969151138,0.030274433152421117,0.8614529889327767
43,sub-01,80,1.0,0.02374816738674125,0.8614529889327767
43,sub-02,1,0.31309870544600116,0.44360207801820956,0.767749791254663
43,sub-02,2,0.41292250203971004,0.23667962194590883,0.767749791254663
43,sub-02,5,0.5726367460896669,0.10538230705330962,0.767749791254663
43,sub-02,10,0.7242532616472253,0.058160261517880514,0.767749791254663
43,sub-02,20,0.8478026210449794,0.03584304745518217,0.767749791254663
43,sub-02,40,0.9388000915192294,0.02466296365183952,0.767749791254663
43,sub-02,80,1.0,0.01922235717993656,0.767749791254663
43,sub-03,1,0.4447470855344274,0.4325076621731358,0.8964050337183588
43,sub-03,2,0.5797247552819691,0.22693789528265343,0.8964050337183588
43,sub-03,5,0.7458107883916131,0.1015042615998604,0.8964050337183588
43,sub-03,10,0.8545442622218238,0.060739651130605955,0.8964050337183588
43,sub-03,20,0.9308456008324351,0.04043285824257999,0.8964050337183588
43,sub-03,40,0.9747562911640256,0.03101029763880946,0.8964050337183588
43,sub-03,80,1.0,0.02616935801666064,0.8964050337183588
43,sub-04,1,0.3879761262299978,0.3642257739533773,0.8451335648370977
43,sub-04,2,0.49072200416597256,0.19954369694818536,0.8451335648370977
43,sub-04,5,0.679131729977874,0.09152445433445401,0.8451335648370977
43,sub-04,10,0.7944882401281447,0.05625379014555323,0.8451335648370977
43,sub-04,20,0.8958673781221015,0.03675421190234274,0.8451335648370977
43,sub-04,40,0.9617363723462682,0.02723636542216952,0.8451335648370977
43,sub-04,80,1.0,0.022797916905489355,0.8451335648370977
43,sub-05,1,0.33349743288118566,0.6076230608037044,0.8107999982252765
43,sub-05,2,0.4571678780470873,0.3079129591408285,0.8107999982252765
43,sub-05,5,0.6344980094845363,0.1386071135046385,0.8107999982252765
43,sub-05,10,0.7572795481851494,0.08192541100420604,0.8107999982252765
43,sub-05,20,0.8740698067431092,0.05142332428921611,0.8107999982252765
43,sub-05,40,0.9519330825673069,0.03668300259657201,0.8107999982252765
43,sub-05,80,1.0,0.029007319371399165,0.8107999982252765
43,sub-06,1,0.3802619046331219,0.4935270648686271,0.83877728871796
43,sub-06,2,0.47734183784982337,0.2585879854000948,0.83877728871796
43,sub-06,5,0.6633316252295657,0.11505724515325884,0.83877728871796
43,sub-06,10,0.7971792589924017,0.06844438238592791,0.83877728871796
43,sub-06,20,0.8946344214700298,0.04485358599294327,0.83877728871796
43,sub-06,40,0.9603938511779291,0.03288700240101891,0.83877728871796
43,sub-06,80,1.0,0.027047105893481128,0.83877728871796
43,sub-07,1,0.44852118793353823,0.513133356552369,0.8944921711644848
43,sub-07,2,0.5860645119999252,0.2610865374187482,0.8944921711644848
43,sub-07,5,0.7461054837892456,0.1327966979116428,0.8944921711644848
43,sub-07,10,0.8536741323993844,0.07650837737244044,0.8944921711644848
43,sub-07,20,0.9277148289990823,0.053692095711999524,0.8944921711644848
43,sub-07,40,0.9740850897970713,0.042090395239838624,0.8944921711644848
43,sub-07,80,1.0,0.03579473846307866,0.8944921711644848
43,sub-08,1,0.44395765398372716,0.4960460380827131,0.8888210347322303
43,sub-08,2,0.547312129435452,0.284658590035894,0.8888210347322303
43,sub-08,5,0.7346665727727217,0.1297674265963069,0.8888210347322303
43,sub-08,10,0.8471440314365387,0.08245835577015721,0.8888210347322303
43,sub-08,20,0.9220360710637078,0.05845339337992189,0.8888210347322303
43,sub-08,40,0.9722542009093186,0.04629490067452765,0.8888210347322303
43,sub-08,80,1.0,0.040784817459620724,0.8888210347322303
43,sub-09,1,0.25458484212709637,0.5791603080864134,0.6852914912966565
43,sub-09,2,0.3598265114951289,0.2718275549043889,0.6852914912966565
43,sub-09,5,0.5301818949107558,0.11802789980103849,0.6852914912966565
43,sub-09,10,0.6627153357677339,0.0651301630856505,0.6852914912966565
43,sub-09,20,0.8035631060839262,0.04003154270636184,0.6852914912966565
43,sub-09,40,0.9196263985145271,0.026285555998049305,0.6852914912966565
43,sub-09,80,1.0,0.019558065399864266,0.6852914912966565
43,sub-10,1,0.4512149339599857,0.49452448588658676,0.8951630921779323
43,sub-10,2,0.5676359547934393,0.26508407742953927,0.8951630921779323
43,sub-10,5,0.7481869960856155,0.11975730983333878,0.8951630921779323
43,sub-10,10,0.8546924483722869,0.0724143123315633,0.8951630921779323
43,sub-10,20,0.9266483847845757,0.052922144883750764,0.8951630921779323
43,sub-10,40,0.9739642103969102,0.03975686711962102,0.8951630921779323
43,sub-10,80,1.0,0.03401965564330849,0.8951630921779323
71,sub-01,1,0.4180736335936131,0.4702634302577249,0.8614529889327767
71,sub-01,2,0.5290980383663971,0.25814423542382586,0.8614529889327767
71,sub-01,5,0.692648395696328,0.11420130534421599,0.8614529889327767
71,sub-01,10,0.8096725808758195,0.06980296015132881,0.8614529889327767
71,sub-01,20,0.9048693878356172,0.04163135359268624,0.8614529889327767
71,sub-01,40,0.9657501232994637,0.030256916285014597,0.8614529889327767
71,sub-01,80,1.0,0.02374816738674125,0.8614529889327767
71,sub-02,1,0.29808018766003586,0.4672554911552306,0.767749791254663
71,sub-02,2,0.40140089027214165,0.2312051128376199,0.767749791254663
71,sub-02,5,0.5821252557324404,0.10077722827357707,0.767749791254663
71,sub-02,10,0.7319442013922942,0.05732052464679939,0.767749791254663
71,sub-02,20,0.8488411201436243,0.03613190053563727,0.767749791254663
71,sub-02,40,0.9404839070918242,0.02509856345427039,0.767749791254663
71,sub-02,80,1.0,0.019222357179936558,0.767749791254663
71,sub-03,1,0.43801462327178387,0.44804569402120265,0.8964050337183588
71,sub-03,2,0.5794625008705049,0.21935338565464982,0.8964050337183588
71,sub-03,5,0.747613073563152,0.10147075172439148,0.8964050337183588
71,sub-03,10,0.858336460812336,0.06278585329746408,0.8964050337183588
71,sub-03,20,0.9274902343966173,0.04175059638479353,0.8964050337183588
71,sub-03,40,0.9749381911060309,0.031356748650323334,0.8964050337183588
71,sub-03,80,1.0,0.02616935801666064,0.8964050337183588
71,sub-04,1,0.3515732131067959,0.41025689575601604,0.8451335648370977
71,sub-04,2,0.49520132166791314,0.20111311480931868,0.8451335648370977
71,sub-04,5,0.6700884965472224,0.08786643311333713,0.8451335648370977
71,sub-04,10,0.8027234013602063,0.05412786056533627,0.8451335648370977
71,sub-04,20,0.8918982111825301,0.03630714996829818,0.8451335648370977
71,sub-04,40,0.9608772912913588,0.027396923383566266,0.8451335648370977
71,sub-04,80,1.0,0.022797916905489355,0.8451335648370977
71,sub-05,1,0.3350638895013629,0.6541788774654015,0.8107999982252765
71,sub-05,2,0.4620917100528708,0.32492025598494956,0.8107999982252765
71,sub-05,5,0.63541080851459,0.14524155237825562,0.8107999982252765
71,sub-05,10,0.7626159701059351,0.08247552072331565,0.8107999982252765
71,sub-05,20,0.8773292761300974,0.051183691404461815,0.8107999982252765
71,sub-05,40,0.9525147776522688,0.03609301036104444,0.8107999982252765
71,sub-05,80,1.0,0.029007319371399165,0.8107999982252765
71,sub-06,1,0.3580621809945564,0.5152165532914623,0.83877728871796
71,sub-06,2,0.48830242278241764,0.2609087921584126,0.83877728871796
71,sub-06,5,0.6619108487900087,0.11587518332548633,0.83877728871796
71,sub-06,10,0.7947548943423928,0.06899123255384464,0.83877728871796
71,sub-06,20,0.8945318009888478,0.044806572859044824,0.83877728871796
71,sub-06,40,0.959934058792674,0.032813702253894864,0.83877728871796
71,sub-06,80,1.0,0.027047105893481124,0.83877728871796
71,sub-07,1,0.4562017851000207,0.47412413126596714,0.8944921711644848
71,sub-07,2,0.581847856529328,0.26980479958921083,0.8944921711644848
71,sub-07,5,0.7509368615166694,0.12250794736728483,0.8944921711644848
71,sub-07,10,0.8543906612686564,0.07777395629132762,0.8944921711644848
71,sub-07,20,0.9258146832588176,0.05413041017990907,0.8944921711644848
71,sub-07,40,0.9734886874141219,0.04208793075881942,0.8944921711644848
71,sub-07,80,1.0,0.03579473846307865,0.8944921711644848
71,sub-08,1,0.4343886161708584,0.521569969872084,0.8888210347322303
71,sub-08,2,0.5774709486658605,0.25983932740146687,0.8888210347322303
71,sub-08,5,0.7313732520694409,0.12783117368855526,0.8888210347322303
71,sub-08,10,0.8429162305123605,0.08085099007726046,0.8888210347322303
71,sub-08,20,0.9233398031127595,0.057237496131970045,0.8888210347322303
71,sub-08,40,0.9721391062903411,0.04674422155814614,0.8888210347322303
71,sub-08,80,1.0,0.040784817459620724,0.8888210347322303
71,sub-09,1,0.2599062017236941,0.5542928571433658,0.6852914912966565
71,sub-09,2,0.3556790490886124,0.28527023293021725,0.6852914912966565
71,sub-09,5,0.53172077595644,0.12155332695223202,0.6852914912966565
71,sub-09,10,0.6628819740650639,0.06669475646464579,0.6852914912966565
71,sub-09,20,0.8009045240388882,0.03934624192875344,0.6852914912966565
71,sub-09,40,0.919634172282293,0.026265970080057745,0.6852914912966565
71,sub-09,80,1.0,0.019558065399864266,0.6852914912966565
71,sub-10,1,0.44736423896562555,0.6555139590650789,0.8951630921779323
71,sub-10,2,0.5716177791837717,0.28192408463752816,0.8951630921779323
71,sub-10,5,0.7493687112328282,0.12178234676377642,0.8951630921779323
71,sub-10,10,0.8484201076802365,0.07531175906233607,0.8951630921779323
71,sub-10,20,0.9271877736190547,0.050822333086410154,0.8951630921779323
71,sub-10,40,0.9729845520255853,0.039651386820958374,0.8951630921779323
71,sub-10,80,1.0,0.03401965564330849,0.8951630921779323
101,sub-01,1,0.40462011720276814,0.7427874923424542,0.8614529889327767
101,sub-01,2,0.5290995548416018,0.29256964912816485,0.8614529889327767
101,sub-01,5,0.6952584220238021,0.11575846905212404,0.8614529889327767
101,sub-01,10,0.8160578469663412,0.06787709777661288,0.8614529889327767
101,sub-01,20,0.9049832268720961,0.04273293185119088,0.8614529889327767
101,sub-01,40,0.9652345745088876,0.029639204104667673,0.8614529889327767
101,sub-01,80,1.0,0.023748167386741254,0.8614529889327767
101,sub-02,1,0.3099517835485259,0.45342746049323374,0.767749791254663
101,sub-02,2,0.41180211115992743,0.2363831760638483,0.767749791254663
101,sub-02,5,0.5766612781255257,0.10547063513855974,0.767749791254663
101,sub-02,10,0.7244977396315662,0.05829903580741834,0.767749791254663
101,sub-02,20,0.8483290961888679,0.03536173976736868,0.767749791254663
101,sub-02,40,0.9406453942771591,0.025007704792410664,0.767749791254663
101,sub-02,80,1.0,0.019222357179936558,0.767749791254663
101,sub-03,1,0.439925710928355,0.4142848561929203,0.8964050337183588
101,sub-03,2,0.5773114063999278,0.22593739463730306,0.8964050337183588
101,sub-03,5,0.7515207274093387,0.10181741867667186,0.8964050337183588
101,sub-03,10,0.8585312685460138,0.0619529463039443,0.8964050337183588
101,sub-03,20,0.9300515051203407,0.040788472726560686,0.8964050337183588
101,sub-03,40,0.9746541619478835,0.031448526509796015,0.8964050337183588
101,sub-03,80,1.0,0.02616935801666064,0.8964050337183588
101,sub-04,1,0.4063540182094089,0.3450967668486929,0.8451335648370977
101,sub-04,2,0.4913465944535389,0.21851391008464893,0.8451335648370977
101,sub-04,5,0.6712973744533295,0.09242655596468667,0.8451335648370977
101,sub-04,10,0.7979887903093932,0.05518667704245496,0.8451335648370977
101,sub-04,20,0.8959540792312868,0.035920001612715344,0.8451335648370977
101,sub-04,40,0.9610091892414785,0.027373991215951424,0.8451335648370977
101,sub-04,80,1.0,0.022797916905489355,0.8451335648370977
101,sub-05,1,0.3536987313177751,0.608932778829246,0.8107999982252765
101,sub-05,2,0.45500996494339147,0.3251110087386825,0.8107999982252765
101,sub-05,5,0.6216770015209904,0.13970837209404474,0.8107999982252765
101,sub-05,10,0.7683343581319889,0.07980526827741909,0.8107999982252765
101,sub-05,20,0.872022653449394,0.05102589604270383,0.8107999982252765
101,sub-05,40,0.9527505775351582,0.03657155071270507,0.8107999982252765
101,sub-05,80,1.0,0.029007319371399165,0.8107999982252765
101,sub-06,1,0.36731279531556427,0.4843115687859474,0.83877728871796
101,sub-06,2,0.48395805626355043,0.25834966386377517,0.83877728871796
101,sub-06,5,0.6641102346753683,0.11643649799746915,0.83877728871796
101,sub-06,10,0.794285127994159,0.06911877136528437,0.83877728871796
101,sub-06,20,0.8909595853236496,0.04511552455594022,0.83877728871796
101,sub-06,40,0.958957840919664,0.033414652011273464,0.83877728871796
101,sub-06,80,1.0,0.027047105893481124,0.83877728871796
101,sub-07,1,0.4494418004688403,0.5202401111519777,0.8944921711644848
101,sub-07,2,0.5800476814361158,0.2629672398297084,0.8944921711644848
101,sub-07,5,0.7398985309624034,0.1255169901499663,0.8944921711644848
101,sub-07,10,0.8534146837576634,0.07825407855604581,0.8944921711644848
101,sub-07,20,0.9255424820576548,0.05347322495941135,0.8944921711644848
101,sub-07,40,0.973847286361783,0.04195735078830361,0.8944921711644848
101,sub-07,80,1.0,0.03579473846307866,0.8944921711644848
101,sub-08,1,0.4479928277295056,0.4936225226783845,0.8888210347322303
101,sub-08,2,0.5641383328185678,0.27378494612327475,0.8888210347322303
101,sub-08,5,0.73846570772639,0.12483844219883862,0.8888210347322303
101,sub-08,10,0.8434492565263122,0.08226231031938724,0.8888210347322303
101,sub-08,20,0.9217155799381409,0.05842120089005937,0.8888210347322303
101,sub-08,40,0.9720338323113548,0.046752861768134174,0.8888210347322303
101,sub-08,80,1.0,0.040784817459620724,0.8888210347322303
101,sub-09,1,0.2618102346890631,0.5409341886404758,0.6852914912966565
101,sub-09,2,0.35674188483854635,0.27835796969551896,0.6852914912966565
101,sub-09,5,0.523709225975024,0.11866632713732031,0.6852914912966565
101,sub-09,10,0.663341614987005,0.06633525098466167,0.6852914912966565
101,sub-09,20,0.8063626939422087,0.039111152534663365,0.6852914912966565
101,sub-09,40,0.9198251844547428,0.026430521693807815,0.6852914912966565
101,sub-09,80,1.0,0.019558065399864266,0.6852914912966565
101,sub-10,1,0.45954883782435985,0.47542566029642463,0.8951630921779323
101,sub-10,2,0.5761719498106568,0.2536824328580034,0.8951630921779323
101,sub-10,5,0.7372004070502404,0.12198284821922142,0.8951630921779323
101,sub-10,10,0.8524328749089334,0.07145295745033123,0.8951630921779323
101,sub-10,20,0.9283659044041775,0.05124852116236784,0.8951630921779323
101,sub-10,40,0.9731129584623645,0.03977516621715122,0.8951630921779323
101,sub-10,80,1.0,0.034019655643308486,0.8951630921779323
