seed,participant,split,rows,classes,width,finite,mean,sd,effective_rank,leading_component_energy,within_stimulus_variance
17,sub-01,reference,16540,1654,561,True,-0.019624904345026527,0.49274447418524514,92.3840333465231,0.0655960654036329,not_available
17,sub-01,evaluation_80_average,200,200,561,True,-0.019387035958935244,0.2942636764470901,37.063797088896685,0.21006187736211224,0.49655806305387995
17,sub-02,reference,16540,1654,561,True,-0.029884908802828028,0.403781153913898,101.49922748814468,0.06257676144328711,not_available
17,sub-02,evaluation_80_average,200,200,561,True,-0.045074848115818585,0.20373815148726585,39.1830382611191,0.20294321330459233,0.4394570557668399
17,sub-03,reference,16540,1654,561,True,-0.04770891488443018,0.45572185358208506,103.98648728019445,0.07349939348842158,not_available
17,sub-03,evaluation_80_average,200,200,561,True,-0.045298104043267375,0.31060833458718656,34.23167506059042,0.20315568969657793,0.396873397397575
17,sub-04,reference,16540,1654,561,True,-0.052234796528079705,0.4301502689735719,57.86638973745628,0.17547759581627614,not_available
17,sub-04,evaluation_80_average,200,200,561,True,-0.05771086753566581,0.23051830358833295,30.562029331748384,0.17602011976521661,0.3607893203466764
17,sub-05,reference,16540,1654,561,True,-0.04562340420384919,0.47627918100675737,97.61678785379873,0.07389280606445585,not_available
17,sub-05,evaluation_80_average,200,200,561,True,-0.048880799035523136,0.27043896508521664,30.940195377965743,0.28281135214170305,0.5879952894986701
17,sub-06,reference,16540,1654,561,True,-0.006371781749014143,0.4665072249840096,82.15579872995283,0.07808022520808047,not_available
17,sub-06,evaluation_80_average,200,200,561,True,-0.007968271874100548,0.2686605219695947,35.90965490378194,0.20139323870893217,0.46873539998053754
17,sub-07,reference,16540,1654,561,True,-0.009928325511524116,0.4701310230811852,87.07596787686178,0.09200437105780021,not_available
17,sub-07,evaluation_80_average,200,200,561,True,-0.00996946008739836,0.3403214572620948,23.700838883587785,0.32006243828830216,0.480805963564016
17,sub-08,reference,16540,1654,561,True,-0.05733031548632762,0.4977724319073466,93.24211267529083,0.07236799241964641,not_available
17,sub-08,evaluation_80_average,200,200,561,True,-0.05169120289214042,0.3174744721631405,33.79580465291414,0.20757260360514623,0.46481986891929117
17,sub-09,reference,16540,1654,561,True,-0.018241367115831922,0.41991414613220995,132.45884698105834,0.08267665808036623,not_available
17,sub-09,evaluation_80_average,200,200,561,True,-0.022645612661042102,0.19160814911546434,47.972114159419135,0.14054472711791532,0.5279339172966123
17,sub-10,reference,16540,1654,561,True,-0.033654748904890674,0.48425513087926125,79.8277019953132,0.09133102299352244,not_available
17,sub-10,evaluation_80_average,200,200,561,True,-0.03797231688490937,0.32904164454816986,29.744796747840333,0.21075876023689494,0.4546758948507677
29,sub-01,reference,16540,1654,561,True,-0.019624904345026527,0.49274447418524514,92.3840333465231,0.0655960654036329,not_available
29,sub-01,evaluation_80_average,200,200,561,True,-0.019387035958935244,0.2942636764470901,37.063797088896685,0.21006187736211204,0.49655806305387995
29,sub-02,reference,16540,1654,561,True,-0.029884908802828028,0.403781153913898,101.49922748814468,0.06257676144328711,not_available
29,sub-02,evaluation_80_average,200,200,561,True,-0.0450748481158186,0.20373815148726585,39.1830382611191,0.20294321330459225,0.4394570557668399
29,sub-03,reference,16540,1654,561,True,-0.04770891488443018,0.45572185358208506,103.98648728019445,0.07349939348842158,not_available
29,sub-03,evaluation_80_average,200,200,561,True,-0.045298104043267375,0.31060833458718656,34.23167506059042,0.20315568969657796,0.396873397397575
29,sub-04,reference,16540,1654,561,True,-0.052234796528079705,0.4301502689735719,57.86638973745628,0.17547759581627614,not_available
29,sub-04,evaluation_80_average,200,200,561,True,-0.05771086753566581,0.23051830358833295,30.56202933174837,0.17602011976521656,0.3607893203466764
29,sub-05,reference,16540,1654,561,True,-0.04562340420384919,0.47627918100675737,97.61678785379873,0.07389280606445585,not_available
29,sub-05,evaluation_80_average,200,200,561,True,-0.04888079903552314,0.27043896508521664,30.94019537796577,0.28281135214170305,0.5879952894986701
29,sub-06,reference,16540,1654,561,True,-0.006371781749014143,0.4665072249840096,82.15579872995283,0.07808022520808047,not_available
29,sub-06,evaluation_80_average,200,200,561,True,-0.007968271874100548,0.2686605219695947,35.909654903781956,0.2013932387089322,0.46873539998053754
29,sub-07,reference,16540,1654,561,True,-0.009928325511524116,0.4701310230811852,87.07596787686178,0.09200437105780021,not_available
29,sub-07,evaluation_80_average,200,200,561,True,-0.009969460087398359,0.3403214572620948,23.700838883587785,0.32006243828830205,0.480805963564016
29,sub-08,reference,16540,1654,561,True,-0.05733031548632762,0.4977724319073466,93.24211267529083,0.07236799241964641,not_available
29,sub-08,evaluation_80_average,200,200,561,True,-0.05169120289214042,0.3174744721631405,33.79580465291414,0.2075726036051463,0.46481986891929117
29,sub-09,reference,16540,1654,561,True,-0.018241367115831922,0.41991414613220995,132.45884698105834,0.08267665808036623,not_available
29,sub-09,evaluation_80_average,200,200,561,True,-0.022645612661042102,0.1916081491154643,47.97211415941909,0.1405447271179153,0.5279339172966123
29,sub-10,reference,16540,1654,561,True,-0.033654748904890674,0.48425513087926125,79.8277019953132,0.09133102299352244,not_available
29,sub-10,evaluation_80_average,200,200,561,True,-0.03797231688490937,0.32904164454816986,29.744796747840322,0.21075876023689494,0.4546758948507677
43,sub-01,reference,16540,1654,561,True,-0.019624904345026527,0.49274447418524514,92.3840333465231,0.0655960654036329,not_available
43,sub-01,evaluation_80_average,200,200,561,True,-0.019387035958935244,0.2942636764470901,37.06379708889665,0.21006187736211213,0.49655806305387995
43,sub-02,reference,16540,1654,561,True,-0.029884908802828028,0.403781153913898,101.49922748814468,0.06257676144328711,not_available
43,sub-02,evaluation_80_average,200,200,561,True,-0.0450748481158186,0.20373815148726585,39.18303826111912,0.20294321330459225,0.4394570557668399
43,sub-03,reference,16540,1654,561,True,-0.04770891488443018,0.45572185358208506,103.98648728019445,0.07349939348842158,not_available
43,sub-03,evaluation_80_average,200,200,561,True,-0.045298104043267375,0.31060833458718656,34.23167506059045,0.20315568969657802,0.396873397397575
43,sub-04,reference,16540,1654,561,True,-0.052234796528079705,0.4301502689735719,57.86638973745628,0.17547759581627614,not_available
43,sub-04,evaluation_80_average,200,200,561,True,-0.05771086753566581,0.23051830358833295,30.56202933174837,0.17602011976521656,0.3607893203466764
43,sub-05,reference,16540,1654,561,True,-0.04562340420384919,0.47627918100675737,97.61678785379873,0.07389280606445585,not_available
43,sub-05,evaluation_80_average,200,200,561,True,-0.048880799035523136,0.27043896508521664,30.940195377965743,0.28281135214170305,0.5879952894986701
43,sub-06,reference,16540,1654,561,True,-0.006371781749014143,0.4665072249840096,82.15579872995283,0.07808022520808047,not_available
43,sub-06,evaluation_80_average,200,200,561,True,-0.007968271874100548,0.2686605219695947,35.909654903781956,0.20139323870893208,0.46873539998053754
43,sub-07,reference,16540,1654,561,True,-0.009928325511524116,0.4701310230811852,87.07596787686178,0.09200437105780021,not_available
43,sub-07,evaluation_80_average,200,200,561,True,-0.00996946008739836,0.3403214572620948,23.700838883587775,0.3200624382883021,0.480805963564016
43,sub-08,reference,16540,1654,561,True,-0.05733031548632762,0.4977724319073466,93.24211267529083,0.07236799241964641,not_available
43,sub-08,evaluation_80_average,200,200,561,True,-0.05169120289214042,0.3174744721631405,33.79580465291413,0.2075726036051463,0.46481986891929117
43,sub-09,reference,16540,1654,561,True,-0.018241367115831922,0.41991414613220995,132.45884698105834,0.08267665808036623,not_available
43,sub-09,evaluation_80_average,200,200,561,True,-0.022645612661042102,0.19160814911546434,47.972114159419135,0.1405447271179153,0.5279339172966123
43,sub-10,reference,16540,1654,561,True,-0.033654748904890674,0.48425513087926125,79.8277019953132,0.09133102299352244,not_available
43,sub-10,evaluation_80_average,200,200,561,True,-0.03797231688490937,0.32904164454816986,29.744796747840333,0.210758760236895,0.4546758948507677
71,sub-01,reference,16540,1654,561,True,-0.019624904345026527,0.49274447418524514,92.3840333465231,0.0655960654036329,not_available
71,sub-01,evaluation_80_average,200,200,561,True,-0.019387035958935244,0.2942636764470901,37.063797088896635,0.21006187736211201,0.49655806305387995
71,sub-02,reference,16540,1654,561,True,-0.029884908802828028,0.403781153913898,101.49922748814468,0.06257676144328711,not_available
71,sub-02,evaluation_80_average,200,200,561,True,-0.045074848115818585,0.20373815148726585,39.18303826111909,0.20294321330459233,0.4394570557668399
71,sub-03,reference,16540,1654,561,True,-0.04770891488443018,0.45572185358208506,103.98648728019445,0.07349939348842158,not_available
71,sub-03,evaluation_80_average,200,200,561,True,-0.04529810404326738,0.31060833458718656,34.23167506059045,0.20315568969657807,0.396873397397575
71,sub-04,reference,16540,1654,561,True,-0.052234796528079705,0.4301502689735719,57.86638973745628,0.17547759581627614,not_available
71,sub-04,evaluation_80_average,200,200,561,True,-0.05771086753566581,0.23051830358833295,30.562029331748384,0.1760201197652165,0.3607893203466764
71,sub-05,reference,16540,1654,561,True,-0.04562340420384919,0.47627918100675737,97.61678785379873,0.07389280606445585,not_available
71,sub-05,evaluation_80_average,200,200,561,True,-0.048880799035523136,0.27043896508521664,30.940195377965733,0.2828113521417031,0.5879952894986701
71,sub-06,reference,16540,1654,561,True,-0.006371781749014143,0.4665072249840096,82.15579872995283,0.07808022520808047,not_available
71,sub-06,evaluation_80_average,200,200,561,True,-0.007968271874100548,0.2686605219695947,35.90965490378194,0.20139323870893217,0.46873539998053754
71,sub-07,reference,16540,1654,561,True,-0.009928325511524116,0.4701310230811852,87.07596787686178,0.09200437105780021,not_available
71,sub-07,evaluation_80_average,200,200,561,True,-0.009969460087398359,0.3403214572620948,23.700838883587796,0.32006243828830216,0.480805963564016
71,sub-08,reference,16540,1654,561,True,-0.05733031548632762,0.4977724319073466,93.24211267529083,0.07236799241964641,not_available
71,sub-08,evaluation_80_average,200,200,561,True,-0.05169120289214042,0.3174744721631405,33.79580465291413,0.2075726036051463,0.46481986891929117
71,sub-09,reference,16540,1654,561,True,-0.018241367115831922,0.41991414613220995,132.45884698105834,0.08267665808036623,not_available
71,sub-09,evaluation_80_average,200,200,561,True,-0.022645612661042102,0.1916081491154643,47.97211415941909,0.14054472711791527,0.5279339172966123
71,sub-10,reference,16540,1654,561,True,-0.033654748904890674,0.48425513087926125,79.8277019953132,0.09133102299352244,not_available
71,sub-10,evaluation_80_average,200,200,561,True,-0.03797231688490937,0.32904164454816986,29.744796747840322,0.210758760236895,0.4546758948507677
101,sub-01,reference,16540,1654,561,True,-0.019624904345026527,0.49274447418524514,92.3840333465231,0.0655960654036329,not_available
101,sub-01,evaluation_80_average,200,200,561,True,-0.019387035958935244,0.2942636764470901,37.06379708889666,0.2100618773621121,0.49655806305387995
101,sub-02,reference,16540,1654,561,True,-0.029884908802828028,0.403781153913898,101.49922748814468,0.06257676144328711,not_available
101,sub-02,evaluation_80_average,200,200,561,True,-0.045074848115818585,0.20373815148726585,39.18303826111909,0.2029432133045924,0.4394570557668399
101,sub-03,reference,16540,1654,561,True,-0.04770891488443018,0.45572185358208506,103.98648728019445,0.07349939348842158,not_available
101,sub-03,evaluation_80_average,200,200,561,True,-0.045298104043267375,0.31060833458718656,34.23167506059045,0.20315568969657796,0.396873397397575
101,sub-04,reference,16540,1654,561,True,-0.052234796528079705,0.4301502689735719,57.86638973745628,0.17547759581627614,not_available
101,sub-04,evaluation_80_average,200,200,561,True,-0.05771086753566581,0.23051830358833295,30.562029331748395,0.17602011976521661,0.3607893203466764
101,sub-05,reference,16540,1654,561,True,-0.04562340420384919,0.47627918100675737,97.61678785379873,0.07389280606445585,not_available
101,sub-05,evaluation_80_average,200,200,561,True,-0.048880799035523136,0.27043896508521664,30.940195377965743,0.2828113521417032,0.5879952894986701
101,sub-06,reference,16540,1654,561,True,-0.006371781749014143,0.4665072249840096,82.15579872995283,0.07808022520808047,not_available
101,sub-06,evaluation_80_average,200,200,561,True,-0.007968271874100548,0.2686605219695947,35.90965490378193,0.20139323870893217,0.46873539998053754
101,sub-07,reference,16540,1654,561,True,-0.009928325511524116,0.4701310230811852,87.07596787686178,0.09200437105780021,not_available
101,sub-07,evaluation_80_average,200,200,561,True,-0.009969460087398359,0.3403214572620948,23.700838883587775,0.32006243828830205,0.480805963564016
101,sub-08,reference,16540,1654,561,True,-0.05733031548632762,0.4977724319073466,93.24211267529083,0.07236799241964641,not_available
101,sub-08,evaluation_80_average,200,200,561,True,-0.05169120289214042,0.3174744721631405,33.79580465291414,0.20757260360514632,0.46481986891929117
101,sub-09,reference,16540,1654,561,True,-0.018241367115831922,0.41991414613220995,132.45884698105834,0.08267665808036623,not_available
101,sub-09,evaluation_80_average,200,200,561,True,-0.022645612661042102,0.1916081491154643,47.972114159419114,0.1405447271179153,0.5279339172966123
101,sub-10,reference,16540,1654,561,True,-0.033654748904890674,0.48425513087926125,79.8277019953132,0.09133102299352244,not_available
101,sub-10,evaluation_80_average,200,200,561,True,-0.03797231688490937,0.32904164454816986,29.744796747840322,0.21075876023689494,0.4546758948507677
